{"scrutin": {"@xmlns": "http://schemas.assemblee-nationale.fr/referentiel", "@xmlns:xsi": "http://www.w3.org/2001/XMLSchema-instance", "uid": "VTANR5L17V197", "numero": "197", "organeRef": "PO838901", "legislature": "17", "sessionRef": "SCR5A2025O1", "seanceRef": "RUANR5L17S2025IDS28626", "dateScrutin": "2024-10-29", "quantiemeJourSeance": "2", "typeVote": {"codeTypeVote": "SPO", "libelleTypeVote": "scrutin public ordinaire", "typeMajorite": "Majorit\u00e9 absolue des suffrages exprim\u00e9s"}, "sort": {"code": "adopt\u00e9", "libelle": "l'Assembl\u00e9e nationale a adopt\u00e9"}, "titre": "l'article 5 du projet de loi de financement de la s\u00e9curit\u00e9 sociale pour 2025 (premi\u00e8re lecture).", "demandeur": {"texte": "Pr\u00e9sident du groupe \"Ensemble pour la R\u00e9publique\"", "referenceLegislative": null}, "objet": {"libelle": "l'article 5 du projet de loi de financement de la s\u00e9curit\u00e9 sociale pour 2025 (premi\u00e8re lecture).", "dossierLegislatif": null, "referenceLegislative": null}, "modePublicationDesVotes": "DecompteNominatif", "syntheseVote": {"nombreVotants": "270", "suffragesExprimes": "238", "nbrSuffragesRequis": "120", "annonce": "l'Assembl\u00e9e nationale a adopt\u00e9", "decompte": {"nonVotants": "2", "pour": "238", "contre": "0", "abstentions": "32", "nonVotantsVolontaires": "0"}}, "ventilationVotes": {"organe": {"organeRef": "PO838901", "groupes": {"groupe": [{"organeRef": "PO845401", "nombreMembresGroupe": "125", "vote": {"positionMajoritaire": "pour", "decompteVoix": {"nonVotants": "0", "pour": "73", "contre": "0", "abstentions": "0", "nonVotantsVolontaires": "0"}, "decompteNominatif": {"nonVotants": null, "pours": {"votant": [{"acteurRef": "PA841495", "mandatRef": "PM843065", "parDelegation": "false", "numPlace": "010"}, {"acteurRef": "PA796118", "mandatRef": "PM843629", "parDelegation": "false", "numPlace": "077"}, {"acteurRef": "PA842279", "mandatRef": "PM843779", "parDelegation": "false", "numPlace": "026"}, {"acteurRef": "PA793238", "mandatRef": "PM842426", "parDelegation": "false", "numPlace": "073"}, {"acteurRef": "PA793158", "mandatRef": "PM840258", "parDelegation": "false", "numPlace": "075"}, {"acteurRef": "PA794434", "mandatRef": "PM842990", "parDelegation": "false", "numPlace": "084"}, {"acteurRef": "PA841645", "mandatRef": "PM843200", "parDelegation": "false", "numPlace": "054"}, {"acteurRef": "PA794886", "mandatRef": "PM843230", "parDelegation": "false", "numPlace": "117"}, {"acteurRef": "PA796042", "mandatRef": "PM843428", "parDelegation": "false", "numPlace": "017"}, {"acteurRef": "PA841487", "mandatRef": "PM843062", "parDelegation": "false", "numPlace": "126"}, {"acteurRef": "PA841131", "mandatRef": "PM842735", "parDelegation": "false", "numPlace": "124"}, {"acteurRef": "PA793182", "mandatRef": "PM842387", "parDelegation": "false", "numPlace": "056"}, {"acteurRef": "PA793134", "mandatRef": "PM842375", "parDelegation": "false", "numPlace": "132"}, {"acteurRef": "PA794198", "mandatRef": "PM842876", "parDelegation": "false", "numPlace": "007"}, {"acteurRef": "PA840159", "mandatRef": "PM840345", "parDelegation": "false", "numPlace": "043"}, {"acteurRef": "PA793548", "mandatRef": "PM842606", "parDelegation": "true", "numPlace": "023"}, {"acteurRef": "PA841613", "mandatRef": "PM843170", "parDelegation": "false", "numPlace": "144"}, {"acteurRef": "PA642988", "mandatRef": "PM840414", "parDelegation": "false", "numPlace": "095"}, {"acteurRef": "PA840119", "mandatRef": "PM840321", "parDelegation": "false", "numPlace": "024"}, {"acteurRef": "PA793928", "mandatRef": "PM840294", "parDelegation": "false", "numPlace": "033"}, {"acteurRef": "PA794762", "mandatRef": "PM843233", "parDelegation": "false", "numPlace": "059"}, {"acteurRef": "PA841761", "mandatRef": "PM843320", "parDelegation": "false", "numPlace": "128"}, {"acteurRef": "PA841621", "mandatRef": "PM843173", "parDelegation": "false", "numPlace": "143"}, {"acteurRef": "PA794678", "mandatRef": "PM840312", "parDelegation": "false", "numPlace": "048"}, {"acteurRef": "PA841139", "mandatRef": "PM842741", "parDelegation": "false", "numPlace": "049"}, {"acteurRef": "PA793892", "mandatRef": "PM842738", "parDelegation": "false", "numPlace": "063"}, {"acteurRef": "PA841605", "mandatRef": "PM843167", "parDelegation": "false", "numPlace": "079"}, {"acteurRef": "PA793592", "mandatRef": "PM842537", "parDelegation": "false", "numPlace": "072"}, {"acteurRef": "PA794894", "mandatRef": "PM840351", "parDelegation": "false", "numPlace": "138"}, {"acteurRef": "PA841777", "mandatRef": "PM843326", "parDelegation": "false", "numPlace": "002"}, {"acteurRef": "PA796050", "mandatRef": "PM840411", "parDelegation": "false", "numPlace": "015"}, {"acteurRef": "PA842255", "mandatRef": "PM843770", "parDelegation": "false", "numPlace": "066"}, {"acteurRef": "PA794502", "mandatRef": "PM840324", "parDelegation": "false", "numPlace": "050"}, {"acteurRef": "PA841553", "mandatRef": "PM843128", "parDelegation": "false", "numPlace": "021"}, {"acteurRef": "PA793298", "mandatRef": "PM842360", "parDelegation": "false", "numPlace": "150"}, {"acteurRef": "PA841479", "mandatRef": "PM843053", "parDelegation": "false", "numPlace": "118"}, {"acteurRef": "PA841451", "mandatRef": "PM843035", "parDelegation": "false", "numPlace": "005"}, {"acteurRef": "PA794734", "mandatRef": "PM843146", "parDelegation": "false", "numPlace": "008"}, {"acteurRef": "PA793218", "mandatRef": "PM840267", "parDelegation": "false", "numPlace": "127"}, {"acteurRef": "PA795900", "mandatRef": "PM843524", "parDelegation": "false", "numPlace": "006"}, {"acteurRef": "PA793632", "mandatRef": "PM842627", "parDelegation": "false", "numPlace": "082"}, {"acteurRef": "PA842085", "mandatRef": "PM843617", "parDelegation": "false", "numPlace": "081"}, {"acteurRef": "PA841439", "mandatRef": "PM843023", "parDelegation": "false", "numPlace": "149"}, {"acteurRef": "PA840869", "mandatRef": "PM842522", "parDelegation": "false", "numPlace": "047"}, {"acteurRef": "PA794354", "mandatRef": "PM842960", "parDelegation": "false", "numPlace": "100"}, {"acteurRef": "PA795912", "mandatRef": "PM840402", "parDelegation": "false", "numPlace": "108"}, {"acteurRef": "PA841837", "mandatRef": "PM843404", "parDelegation": "false", "numPlace": "116"}, {"acteurRef": "PA796026", "mandatRef": "PM840390", "parDelegation": "false", "numPlace": "053"}, {"acteurRef": "PA840857", "mandatRef": "PM842516", "parDelegation": "false", "numPlace": "119"}, {"acteurRef": "PA793608", "mandatRef": "PM842558", "parDelegation": "false", "numPlace": "156"}, {"acteurRef": "PA841873", "mandatRef": "PM843434", "parDelegation": "false", "numPlace": "122"}, {"acteurRef": "PA840967", "mandatRef": "PM842579", "parDelegation": "false", "numPlace": "154"}, {"acteurRef": "PA793672", "mandatRef": "PM842555", "parDelegation": "false", "numPlace": "031"}, {"acteurRef": "PA793904", "mandatRef": "PM840288", "parDelegation": "false", "numPlace": "125"}, {"acteurRef": "PA794590", "mandatRef": "PM840303", "parDelegation": "false", "numPlace": "123"}, {"acteurRef": "PA841587", "mandatRef": "PM843149", "parDelegation": "false", "numPlace": "013"}, {"acteurRef": "PA840837", "mandatRef": "PM842495", "parDelegation": "false", "numPlace": "111"}, {"acteurRef": "PA841825", "mandatRef": "PM843392", "parDelegation": "false", "numPlace": "155"}, {"acteurRef": "PA794770", "mandatRef": "PM843236", "parDelegation": "false", "numPlace": "078"}, {"acteurRef": "PA793616", "mandatRef": "PM842561", "parDelegation": "false", "numPlace": "030"}, {"acteurRef": "PA719436", "mandatRef": "PM840279", "parDelegation": "false", "numPlace": "020"}, {"acteurRef": "PA793354", "mandatRef": "PM842462", "parDelegation": "false", "numPlace": "012"}, {"acteurRef": "PA793852", "mandatRef": "PM842684", "parDelegation": "true", "numPlace": "145"}, {"acteurRef": "PA840915", "mandatRef": "PM842552", "parDelegation": "false", "numPlace": "068"}, {"acteurRef": "PA793696", "mandatRef": "PM842519", "parDelegation": "false", "numPlace": "058"}, {"acteurRef": "PA794670", "mandatRef": "PM843176", "parDelegation": "false", "numPlace": "102"}, {"acteurRef": "PA841199", "mandatRef": "PM842792", "parDelegation": "false", "numPlace": "139"}, {"acteurRef": "PA794582", "mandatRef": "PM840300", "parDelegation": "false", "numPlace": "101"}, {"acteurRef": "PA793656", "mandatRef": "PM842546", "parDelegation": "false", "numPlace": "057"}, {"acteurRef": "PA793230", "mandatRef": "PM842423", "parDelegation": "false", "numPlace": "019"}, {"acteurRef": "PA793254", "mandatRef": "PM842432", "parDelegation": "false", "numPlace": "136"}, {"acteurRef": "PA841981", "mandatRef": "PM843533", "parDelegation": "false", "numPlace": "041"}, {"acteurRef": "PA794442", "mandatRef": "PM840306", "parDelegation": "false", "numPlace": "141"}]}, "contres": null, "abstentions": null}}}, {"organeRef": "PO845407", "nombreMembresGroupe": "94", "vote": {"positionMajoritaire": "pour", "decompteVoix": {"nonVotants": "1", "pour": "44", "contre": "0", "abstentions": "0", "nonVotantsVolontaires": "0"}, "decompteNominatif": {"nonVotants": {"votant": {"acteurRef": "PA721908", "mandatRef": "PM843467", "parDelegation": "false", "numPlace": "402", "causePositionVote": "PAN"}}, "pours": {"votant": [{"acteurRef": "PA721158", "mandatRef": "PM843806", "parDelegation": "false", "numPlace": "281"}, {"acteurRef": "PA722190", "mandatRef": "PM843659", "parDelegation": "false", "numPlace": "267"}, {"acteurRef": "PA642695", "mandatRef": "PM842594", "parDelegation": "false", "numPlace": "286"}, {"acteurRef": "PA719890", "mandatRef": "PM842855", "parDelegation": "false", "numPlace": "257"}, {"acteurRef": "PA722000", "mandatRef": "PM843542", "parDelegation": "false", "numPlace": "293"}, {"acteurRef": "PA794798", "mandatRef": "PM843188", "parDelegation": "false", "numPlace": "365"}, {"acteurRef": "PA719922", "mandatRef": "PM842867", "parDelegation": "false", "numPlace": "305"}, {"acteurRef": "PA719472", "mandatRef": "PM842720", "parDelegation": "false", "numPlace": "282"}, {"acteurRef": "PA794982", "mandatRef": "PM843329", "parDelegation": "false", "numPlace": "272"}, {"acteurRef": "PA794658", "mandatRef": "PM843164", "parDelegation": "false", "numPlace": "308"}, {"acteurRef": "PA722134", "mandatRef": "PM843497", "parDelegation": "false", "numPlace": "309"}, {"acteurRef": "PA722366", "mandatRef": "PM843299", "parDelegation": "false", "numPlace": "294"}, {"acteurRef": "PA793270", "mandatRef": "PM842441", "parDelegation": "false", "numPlace": "303"}, {"acteurRef": "PA720190", "mandatRef": "PM843074", "parDelegation": "false", "numPlace": "291"}, {"acteurRef": "PA794486", "mandatRef": "PM843110", "parDelegation": "false", "numPlace": "253"}, {"acteurRef": "PA719550", "mandatRef": "PM842660", "parDelegation": "false", "numPlace": "265"}, {"acteurRef": "PA721584", "mandatRef": "PM843518", "parDelegation": "false", "numPlace": "248"}, {"acteurRef": "PA795920", "mandatRef": "PM843653", "parDelegation": "false", "numPlace": "274"}, {"acteurRef": "PA722102", "mandatRef": "PM843380", "parDelegation": "false", "numPlace": "298"}, {"acteurRef": "PA719512", "mandatRef": "PM842699", "parDelegation": "false", "numPlace": "327"}, {"acteurRef": "PA721170", "mandatRef": "PM843809", "parDelegation": "false", "numPlace": "389"}, {"acteurRef": "PA795046", "mandatRef": "PM843818", "parDelegation": "false", "numPlace": "324"}, {"acteurRef": "PA841801", "mandatRef": "PM849141", "parDelegation": "false", "numPlace": "325"}, {"acteurRef": "PA842323", "mandatRef": "PM849153", "parDelegation": "true", "numPlace": "398"}, {"acteurRef": "PA840713", "mandatRef": "PM849139", "parDelegation": "false", "numPlace": "321"}, {"acteurRef": "PA795962", "mandatRef": "PM849121", "parDelegation": "false", "numPlace": "323"}, {"acteurRef": "PA841601", "mandatRef": "PM849131", "parDelegation": "false", "numPlace": "326"}, {"acteurRef": "PA841693", "mandatRef": "PM843266", "parDelegation": "false", "numPlace": "312"}, {"acteurRef": "PA720022", "mandatRef": "PM842957", "parDelegation": "false", "numPlace": "370"}, {"acteurRef": "PA719412", "mandatRef": "PM842651", "parDelegation": "false", "numPlace": "269"}, {"acteurRef": "PA719404", "mandatRef": "PM842648", "parDelegation": "false", "numPlace": "288"}, {"acteurRef": "PA719388", "mandatRef": "PM842642", "parDelegation": "false", "numPlace": "254"}, {"acteurRef": "PA719756", "mandatRef": "PM842813", "parDelegation": "false", "numPlace": "280"}, {"acteurRef": "PA720342", "mandatRef": "PM842999", "parDelegation": "false", "numPlace": "278"}, {"acteurRef": "PA721852", "mandatRef": "PM843464", "parDelegation": "false", "numPlace": "264"}, {"acteurRef": "PA795386", "mandatRef": "PM843695", "parDelegation": "false", "numPlace": "284"}, {"acteurRef": "PA717379", "mandatRef": "PM843374", "parDelegation": "false", "numPlace": "256"}, {"acteurRef": "PA794206", "mandatRef": "PM842879", "parDelegation": "false", "numPlace": "307"}, {"acteurRef": "PA719080", "mandatRef": "PM842603", "parDelegation": "false", "numPlace": "287"}, {"acteurRef": "PA720146", "mandatRef": "PM842849", "parDelegation": "false", "numPlace": "376"}, {"acteurRef": "PA677483", "mandatRef": "PM842435", "parDelegation": "false", "numPlace": "292"}, {"acteurRef": "PA719338", "mandatRef": "PM842654", "parDelegation": "false", "numPlace": "387"}, {"acteurRef": "PA817203", "mandatRef": "PM842978", "parDelegation": "false", "numPlace": "285"}, {"acteurRef": "PA720066", "mandatRef": "PM842933", "parDelegation": "false", "numPlace": "260"}]}, "contres": null, "abstentions": null}}}, {"organeRef": "PO845413", "nombreMembresGroupe": "71", "vote": {"positionMajoritaire": "abstention", "decompteVoix": {"nonVotants": "1", "pour": "0", "contre": "0", "abstentions": "32", "nonVotantsVolontaires": "32"}, "decompteNominatif": {"nonVotants": {"votant": {"acteurRef": "PA795228", "mandatRef": "PM840447", "parDelegation": "false", "numPlace": "627", "causePositionVote": "PSE"}}, "pours": null, "contres": null, "abstentions": {"votant": [{"acteurRef": "PA841657", "mandatRef": "PM843224", "parDelegation": "false", "numPlace": "518"}, {"acteurRef": "PA841729", "mandatRef": "PM843287", "parDelegation": "false", "numPlace": "519"}, {"acteurRef": "PA817211", "mandatRef": "PM842600", "parDelegation": "false", "numPlace": "520"}, {"acteurRef": "PA794138", "mandatRef": "PM842909", "parDelegation": "false", "numPlace": "526"}, {"acteurRef": "PA794130", "mandatRef": "PM840297", "parDelegation": "true", "numPlace": "537"}, {"acteurRef": "PA795108", "mandatRef": "PM843338", "parDelegation": "false", "numPlace": "538"}, {"acteurRef": "PA795844", "mandatRef": "PM843515", "parDelegation": "false", "numPlace": "546"}, {"acteurRef": "PA794786", "mandatRef": "PM843242", "parDelegation": "true", "numPlace": "547"}, {"acteurRef": "PA793872", "mandatRef": "PM840285", "parDelegation": "false", "numPlace": "548"}, {"acteurRef": "PA793756", "mandatRef": "PM840282", "parDelegation": "false", "numPlace": "555"}, {"acteurRef": "PA793772", "mandatRef": "PM842708", "parDelegation": "false", "numPlace": "557"}, {"acteurRef": "PA841947", "mandatRef": "PM843503", "parDelegation": "false", "numPlace": "559"}, {"acteurRef": "PA842105", "mandatRef": "PM843626", "parDelegation": "false", "numPlace": "560"}, {"acteurRef": "PA793744", "mandatRef": "PM842696", "parDelegation": "false", "numPlace": "561"}, {"acteurRef": "PA841023", "mandatRef": "PM842645", "parDelegation": "false", "numPlace": "570"}, {"acteurRef": "PA795466", "mandatRef": "PM843443", "parDelegation": "false", "numPlace": "572"}, {"acteurRef": "PA795136", "mandatRef": "PM843353", "parDelegation": "false", "numPlace": "599"}, {"acteurRef": "PA720430", "mandatRef": "PM843092", "parDelegation": "false", "numPlace": "601"}, {"acteurRef": "PA791824", "mandatRef": "PM840375", "parDelegation": "false", "numPlace": "602"}, {"acteurRef": "PA794166", "mandatRef": "PM842924", "parDelegation": "true", "numPlace": "603"}, {"acteurRef": "PA793464", "mandatRef": "PM840273", "parDelegation": "false", "numPlace": "606"}, {"acteurRef": "PA794106", "mandatRef": "PM842885", "parDelegation": "false", "numPlace": "609"}, {"acteurRef": "PA795672", "mandatRef": "PM843752", "parDelegation": "false", "numPlace": "612"}, {"acteurRef": "PA794938", "mandatRef": "PM843308", "parDelegation": "false", "numPlace": "619"}, {"acteurRef": "PA842037", "mandatRef": "PM843578", "parDelegation": "false", "numPlace": "620"}, {"acteurRef": "PA793912", "mandatRef": "PM842795", "parDelegation": "false", "numPlace": "621"}, {"acteurRef": "PA610654", "mandatRef": "PM843719", "parDelegation": "true", "numPlace": "632"}, {"acteurRef": "PA342384", "mandatRef": "PM842771", "parDelegation": "false", "numPlace": "637"}, {"acteurRef": "PA795482", "mandatRef": "PM843605", "parDelegation": "false", "numPlace": "642"}, {"acteurRef": "PA795588", "mandatRef": "PM843557", "parDelegation": "false", "numPlace": "643"}, {"acteurRef": "PA795422", "mandatRef": "PM843599", "parDelegation": "false", "numPlace": "644"}, {"acteurRef": "PA793532", "mandatRef": "PM842591", "parDelegation": "false", "numPlace": "650"}]}}}}, {"organeRef": "PO845419", "nombreMembresGroupe": "66", "vote": {"positionMajoritaire": "pour", "decompteVoix": {"nonVotants": "0", "pour": "44", "contre": "0", "abstentions": "0", "nonVotantsVolontaires": "0"}, "decompteNominatif": {"nonVotants": null, "pours": {"votant": [{"acteurRef": "PA840665", "mandatRef": "PM842336", "parDelegation": "false", "numPlace": "471"}, {"acteurRef": "PA642764", "mandatRef": "PM842711", "parDelegation": "false", "numPlace": "428"}, {"acteurRef": "PA643143", "mandatRef": "PM843761", "parDelegation": "false", "numPlace": "440"}, {"acteurRef": "PA840829", "mandatRef": "PM842492", "parDelegation": "false", "numPlace": "567"}, {"acteurRef": "PA342415", "mandatRef": "PM842774", "parDelegation": "false", "numPlace": "442"}, {"acteurRef": "PA606793", "mandatRef": "PM842759", "parDelegation": "false", "numPlace": "451"}, {"acteurRef": "PA842211", "mandatRef": "PM843716", "parDelegation": "false", "numPlace": "418"}, {"acteurRef": "PA841315", "mandatRef": "PM842906", "parDelegation": "false", "numPlace": "565"}, {"acteurRef": "PA795762", "mandatRef": "PM843767", "parDelegation": "false", "numPlace": "437"}, {"acteurRef": "PA608264", "mandatRef": "PM843179", "parDelegation": "false", "numPlace": "475"}, {"acteurRef": "PA840903", "mandatRef": "PM842543", "parDelegation": "false", "numPlace": "553"}, {"acteurRef": "PA1008", "mandatRef": "PM842621", "parDelegation": "false", "numPlace": "410"}, {"acteurRef": "PA793394", "mandatRef": "PM842486", "parDelegation": "true", "numPlace": "453"}, {"acteurRef": "PA841919", "mandatRef": "PM843479", "parDelegation": "false", "numPlace": "420"}, {"acteurRef": "PA606573", "mandatRef": "PM842732", "parDelegation": "false", "numPlace": "447"}, {"acteurRef": "PA841633", "mandatRef": "PM843182", "parDelegation": "false", "numPlace": "551"}, {"acteurRef": "PA794854", "mandatRef": "PM843263", "parDelegation": "false", "numPlace": "550"}, {"acteurRef": "PA842195", "mandatRef": "PM843707", "parDelegation": "false", "numPlace": "458"}, {"acteurRef": "PA841665", "mandatRef": "PM843227", "parDelegation": "false", "numPlace": "487"}, {"acteurRef": "PA840939", "mandatRef": "PM842567", "parDelegation": "false", "numPlace": "450"}, {"acteurRef": "PA331973", "mandatRef": "PM842624", "parDelegation": "false", "numPlace": "441"}, {"acteurRef": "PA841243", "mandatRef": "PM842825", "parDelegation": "false", "numPlace": "566"}, {"acteurRef": "PA774960", "mandatRef": "PM840417", "parDelegation": "false", "numPlace": "414"}, {"acteurRef": "PA841091", "mandatRef": "PM842705", "parDelegation": "false", "numPlace": "473"}, {"acteurRef": "PA841681", "mandatRef": "PM843245", "parDelegation": "false", "numPlace": "457"}, {"acteurRef": "PA841893", "mandatRef": "PM843449", "parDelegation": "false", "numPlace": "552"}, {"acteurRef": "PA793816", "mandatRef": "PM842657", "parDelegation": "false", "numPlace": "433"}, {"acteurRef": "PA719930", "mandatRef": "PM842870", "parDelegation": "false", "numPlace": "427"}, {"acteurRef": "PA794494", "mandatRef": "PM843116", "parDelegation": "false", "numPlace": "439"}, {"acteurRef": "PA1567", "mandatRef": "PM843572", "parDelegation": "false", "numPlace": "417"}, {"acteurRef": "PA842263", "mandatRef": "PM843773", "parDelegation": "false", "numPlace": "423"}, {"acteurRef": "PA841813", "mandatRef": "PM843377", "parDelegation": "false", "numPlace": "461"}, {"acteurRef": "PA643192", "mandatRef": "PM843152", "parDelegation": "false", "numPlace": "409"}, {"acteurRef": "PA774958", "mandatRef": "PM843389", "parDelegation": "false", "numPlace": "415"}, {"acteurRef": "PA840765", "mandatRef": "PM842447", "parDelegation": "false", "numPlace": "445"}, {"acteurRef": "PA643157", "mandatRef": "PM843728", "parDelegation": "false", "numPlace": "429"}, {"acteurRef": "PA841107", "mandatRef": "PM842717", "parDelegation": "false", "numPlace": "474"}, {"acteurRef": "PA841381", "mandatRef": "PM842966", "parDelegation": "false", "numPlace": "463"}, {"acteurRef": "PA840793", "mandatRef": "PM842468", "parDelegation": "false", "numPlace": "446"}, {"acteurRef": "PA794270", "mandatRef": "PM842972", "parDelegation": "false", "numPlace": "452"}, {"acteurRef": "PA840955", "mandatRef": "PM842573", "parDelegation": "false", "numPlace": "444"}, {"acteurRef": "PA841367", "mandatRef": "PM842954", "parDelegation": "false", "numPlace": "488"}, {"acteurRef": "PA341981", "mandatRef": "PM842822", "parDelegation": "false", "numPlace": "438"}, {"acteurRef": "PA840673", "mandatRef": "PM842339", "parDelegation": "false", "numPlace": "472"}]}, "contres": null, "abstentions": null}}}, {"organeRef": "PO845425", "nombreMembresGroupe": "47", "vote": {"positionMajoritaire": "pour", "decompteVoix": {"nonVotants": "0", "pour": "15", "contre": "0", "abstentions": "0", "nonVotantsVolontaires": "0"}, "decompteNominatif": {"nonVotants": null, "pours": {"votant": [{"acteurRef": "PA642847", "mandatRef": "PM843056", "parDelegation": "false", "numPlace": "165"}, {"acteurRef": "PA718850", "mandatRef": "PM842411", "parDelegation": "false", "numPlace": "166"}, {"acteurRef": "PA720386", "mandatRef": "PM843020", "parDelegation": "false", "numPlace": "167"}, {"acteurRef": "PA332523", "mandatRef": "PM842858", "parDelegation": "false", "numPlace": "168"}, {"acteurRef": "PA330008", "mandatRef": "PM842366", "parDelegation": "false", "numPlace": "171"}, {"acteurRef": "PA794058", "mandatRef": "PM842861", "parDelegation": "false", "numPlace": "177"}, {"acteurRef": "PA267285", "mandatRef": "PM842900", "parDelegation": "false", "numPlace": "178"}, {"acteurRef": "PA722390", "mandatRef": "PM843317", "parDelegation": "false", "numPlace": "181"}, {"acteurRef": "PA794038", "mandatRef": "PM842783", "parDelegation": "false", "numPlace": "186"}, {"acteurRef": "PA607090", "mandatRef": "PM842903", "parDelegation": "false", "numPlace": "188"}, {"acteurRef": "PA342240", "mandatRef": "PM842819", "parDelegation": "false", "numPlace": "192"}, {"acteurRef": "PA841745", "mandatRef": "PM849125", "parDelegation": "false", "numPlace": "193"}, {"acteurRef": "PA793508", "mandatRef": "PM842576", "parDelegation": "false", "numPlace": "195"}, {"acteurRef": "PA642725", "mandatRef": "PM849129", "parDelegation": "false", "numPlace": "205"}, {"acteurRef": "PA695512", "mandatRef": "PM842963", "parDelegation": "false", "numPlace": "207"}]}, "contres": null, "abstentions": null}}}, {"organeRef": "PO845439", "nombreMembresGroupe": "38", "vote": {"positionMajoritaire": "pour", "decompteVoix": {"nonVotants": "0", "pour": "21", "contre": "0", "abstentions": "0", "nonVotantsVolontaires": "0"}, "decompteNominatif": {"nonVotants": null, "pours": {"votant": [{"acteurRef": "PA793708", "mandatRef": "PM842525", "parDelegation": "false", "numPlace": "491"}, {"acteurRef": "PA2940", "mandatRef": "PM842531", "parDelegation": "false", "numPlace": "495"}, {"acteurRef": "PA841419", "mandatRef": "PM843005", "parDelegation": "false", "numPlace": "496"}, {"acteurRef": "PA795808", "mandatRef": "PM843644", "parDelegation": "true", "numPlace": "499"}, {"acteurRef": "PA841507", "mandatRef": "PM843086", "parDelegation": "false", "numPlace": "500"}, {"acteurRef": "PA793948", "mandatRef": "PM842615", "parDelegation": "false", "numPlace": "503"}, {"acteurRef": "PA842045", "mandatRef": "PM843581", "parDelegation": "false", "numPlace": "506"}, {"acteurRef": "PA795010", "mandatRef": "PM840354", "parDelegation": "true", "numPlace": "507"}, {"acteurRef": "PA795076", "mandatRef": "PM840366", "parDelegation": "false", "numPlace": "508"}, {"acteurRef": "PA794022", "mandatRef": "PM842777", "parDelegation": "false", "numPlace": "509"}, {"acteurRef": "PA588884", "mandatRef": "PM840450", "parDelegation": "false", "numPlace": "510"}, {"acteurRef": "PA794146", "mandatRef": "PM842912", "parDelegation": "false", "numPlace": "511"}, {"acteurRef": "PA795636", "mandatRef": "PM843476", "parDelegation": "false", "numPlace": "514"}, {"acteurRef": "PA794008", "mandatRef": "PM842768", "parDelegation": "false", "numPlace": "515"}, {"acteurRef": "PA610968", "mandatRef": "PM840381", "parDelegation": "false", "numPlace": "516"}, {"acteurRef": "PA793452", "mandatRef": "PM842453", "parDelegation": "false", "numPlace": "524"}, {"acteurRef": "PA793980", "mandatRef": "PM842750", "parDelegation": "false", "numPlace": "530"}, {"acteurRef": "PA840947", "mandatRef": "PM842570", "parDelegation": "false", "numPlace": "531"}, {"acteurRef": "PA795362", "mandatRef": "PM843587", "parDelegation": "false", "numPlace": "532"}, {"acteurRef": "PA840997", "mandatRef": "PM842612", "parDelegation": "false", "numPlace": "533"}, {"acteurRef": "PA841713", "mandatRef": "PM843275", "parDelegation": "false", "numPlace": "540"}]}, "contres": null, "abstentions": null}}}, {"organeRef": "PO845454", "nombreMembresGroupe": "36", "vote": {"positionMajoritaire": "pour", "decompteVoix": {"nonVotants": "0", "pour": "17", "contre": "0", "abstentions": "0", "nonVotantsVolontaires": "0"}, "decompteNominatif": {"nonVotants": null, "pours": {"votant": [{"acteurRef": "PA793716", "mandatRef": "PM842528", "parDelegation": "false", "numPlace": "329"}, {"acteurRef": "PA719822", "mandatRef": "PM842762", "parDelegation": "true", "numPlace": "334"}, {"acteurRef": "PA794810", "mandatRef": "PM843194", "parDelegation": "false", "numPlace": "335"}, {"acteurRef": "PA331582", "mandatRef": "PM842639", "parDelegation": "false", "numPlace": "337"}, {"acteurRef": "PA794702", "mandatRef": "PM843248", "parDelegation": "false", "numPlace": "340"}, {"acteurRef": "PA795374", "mandatRef": "PM843593", "parDelegation": "false", "numPlace": "341"}, {"acteurRef": "PA719024", "mandatRef": "PM842390", "parDelegation": "false", "numPlace": "344"}, {"acteurRef": "PA267318", "mandatRef": "PM843341", "parDelegation": "false", "numPlace": "347"}, {"acteurRef": "PA795258", "mandatRef": "PM843794", "parDelegation": "false", "numPlace": "348"}, {"acteurRef": "PA721234", "mandatRef": "PM843692", "parDelegation": "false", "numPlace": "352"}, {"acteurRef": "PA722374", "mandatRef": "PM843302", "parDelegation": "false", "numPlace": "353"}, {"acteurRef": "PA722162", "mandatRef": "PM843596", "parDelegation": "false", "numPlace": "354"}, {"acteurRef": "PA794830", "mandatRef": "PM843209", "parDelegation": "false", "numPlace": "356"}, {"acteurRef": "PA793122", "mandatRef": "PM842369", "parDelegation": "false", "numPlace": "357"}, {"acteurRef": "PA805166", "mandatRef": "PM849145", "parDelegation": "false", "numPlace": "358"}, {"acteurRef": "PA720256", "mandatRef": "PM843041", "parDelegation": "false", "numPlace": "371"}, {"acteurRef": "PA793520", "mandatRef": "PM842582", "parDelegation": "false", "numPlace": "372"}]}, "contres": null, "abstentions": null}}}, {"organeRef": "PO845470", "nombreMembresGroupe": "34", "vote": {"positionMajoritaire": "pour", "decompteVoix": {"nonVotants": "0", "pour": "13", "contre": "0", "abstentions": "0", "nonVotantsVolontaires": "0"}, "decompteNominatif": {"nonVotants": null, "pours": {"votant": [{"acteurRef": "PA332228", "mandatRef": "PM842816", "parDelegation": "false", "numPlace": "213"}, {"acteurRef": "PA722336", "mandatRef": "PM843203", "parDelegation": "true", "numPlace": "214"}, {"acteurRef": "PA794426", "mandatRef": "PM842993", "parDelegation": "false", "numPlace": "215"}, {"acteurRef": "PA795350", "mandatRef": "PM843410", "parDelegation": "false", "numPlace": "217"}, {"acteurRef": "PA795278", "mandatRef": "PM843539", "parDelegation": "false", "numPlace": "219"}, {"acteurRef": "PA720138", "mandatRef": "PM842846", "parDelegation": "false", "numPlace": "227"}, {"acteurRef": "PA794234", "mandatRef": "PM842969", "parDelegation": "false", "numPlace": "231"}, {"acteurRef": "PA267780", "mandatRef": "PM843395", "parDelegation": "false", "numPlace": "234"}, {"acteurRef": "PA721844", "mandatRef": "PM843461", "parDelegation": "false", "numPlace": "236"}, {"acteurRef": "PA720230", "mandatRef": "PM842984", "parDelegation": "false", "numPlace": "238"}, {"acteurRef": "PA719032", "mandatRef": "PM842393", "parDelegation": "false", "numPlace": "241"}, {"acteurRef": "PA841833", "mandatRef": "PM849123", "parDelegation": "false", "numPlace": "318"}, {"acteurRef": "PA794518", "mandatRef": "PM849133", "parDelegation": "false", "numPlace": "319"}]}, "contres": null, "abstentions": null}}}, {"organeRef": "PO845485", "nombreMembresGroupe": "23", "vote": {"positionMajoritaire": "pour", "decompteVoix": {"nonVotants": "0", "pour": "4", "contre": "0", "abstentions": "0", "nonVotantsVolontaires": "0"}, "decompteNominatif": {"nonVotants": null, "pours": {"votant": [{"acteurRef": "PA840817", "mandatRef": "PM842483", "parDelegation": "false", "numPlace": "393"}, {"acteurRef": "PA793210", "mandatRef": "PM842417", "parDelegation": "false", "numPlace": "456"}, {"acteurRef": "PA607619", "mandatRef": "PM843002", "parDelegation": "false", "numPlace": "466"}, {"acteurRef": "PA719286", "mandatRef": "PM842669", "parDelegation": "false", "numPlace": "468"}]}, "contres": null, "abstentions": null}}}, {"organeRef": "PO845514", "nombreMembresGroupe": "17", "vote": {"positionMajoritaire": "pour", "decompteVoix": {"nonVotants": "0", "pour": "4", "contre": "0", "abstentions": "0", "nonVotantsVolontaires": "0"}, "decompteNominatif": {"nonVotants": null, "pours": {"votant": [{"acteurRef": "PA774962", "mandatRef": "PM843731", "parDelegation": "false", "numPlace": "576"}, {"acteurRef": "PA842299", "mandatRef": "PM843791", "parDelegation": "false", "numPlace": "582"}, {"acteurRef": "PA267306", "mandatRef": "PM843251", "parDelegation": "false", "numPlace": "587"}, {"acteurRef": "PA793174", "mandatRef": "PM842384", "parDelegation": "false", "numPlace": "588"}]}, "contres": null, "abstentions": null}}}, {"organeRef": "PO847173", "nombreMembresGroupe": "16", "vote": {"positionMajoritaire": "pour", "decompteVoix": {"nonVotants": "0", "pour": "2", "contre": "0", "abstentions": "0", "nonVotantsVolontaires": "0"}, "decompteNominatif": {"nonVotants": null, "pours": {"votant": [{"acteurRef": "PA841183", "mandatRef": "PM842786", "parDelegation": "false", "numPlace": "097"}, {"acteurRef": "PA840773", "mandatRef": "PM842456", "parDelegation": "false", "numPlace": "103"}]}, "contres": null, "abstentions": null}}}, {"organeRef": "PO840056", "nombreMembresGroupe": "8", "vote": {"positionMajoritaire": "pour", "decompteVoix": {"nonVotants": "0", "pour": "1", "contre": "0", "abstentions": "0", "nonVotantsVolontaires": "0"}, "decompteNominatif": {"nonVotants": null, "pours": {"votant": {"acteurRef": "PA643175", "mandatRef": "PM842840", "parDelegation": "false", "numPlace": "403"}}, "contres": null, "abstentions": null}}}]}}}, "miseAuPoint": {"nonVotants": [null, null], "pours": null, "abstentions": [null, null], "nonVotantsVolontaires": [null, null], "contres": null, "dysfonctionnement": {"nonVotants": null, "pour": null, "contre": null, "abstentions": null, "nonVotantsVolontaires": null}}, "lieuVote": "H\u00e9micycle"}}