{"scrutin": {"@xmlns": "http://schemas.assemblee-nationale.fr/referentiel", "@xmlns:xsi": "http://www.w3.org/2001/XMLSchema-instance", "uid": "VTANR5L17V315", "numero": "315", "organeRef": "PO838901", "legislature": "17", "sessionRef": "SCR5A2025O1", "seanceRef": "RUANR5L17S2025IDS28629", "dateScrutin": "2024-11-07", "quantiemeJourSeance": "2", "typeVote": {"codeTypeVote": "SPO", "libelleTypeVote": "scrutin public ordinaire", "typeMajorite": "Majorit\u00e9 absolue des suffrages exprim\u00e9s"}, "sort": {"code": "rejet\u00e9", "libelle": "L'Assembl\u00e9e nationale n'a pas adopt\u00e9"}, "titre": "l'amendement n\u00b0 2470 de M. Legavre apr\u00e8s l'article 16 du projet de loi de finances pour 2025 (premi\u00e8re lecture).", "demandeur": {"texte": "Pr\u00e9sidente de s\u00e9ance", "referenceLegislative": null}, "objet": {"libelle": "l'amendement n\u00b0 2470 de M. Legavre apr\u00e8s l'article 16 du projet de loi de finances pour 2025 (premi\u00e8re lecture).", "dossierLegislatif": null, "referenceLegislative": null}, "modePublicationDesVotes": "DecompteNominatif", "syntheseVote": {"nombreVotants": "157", "suffragesExprimes": "157", "nbrSuffragesRequis": "79", "annonce": "L'Assembl\u00e9e nationale n'a pas adopt\u00e9", "decompte": {"nonVotants": "2", "pour": "53", "contre": "104", "abstentions": "0", "nonVotantsVolontaires": "0"}}, "ventilationVotes": {"organe": {"organeRef": "PO838901", "groupes": {"groupe": [{"organeRef": "PO845401", "nombreMembresGroupe": "125", "vote": {"positionMajoritaire": "contre", "decompteVoix": {"nonVotants": "0", "pour": "0", "contre": "62", "abstentions": "0", "nonVotantsVolontaires": "0"}, "decompteNominatif": {"nonVotants": null, "pours": null, "contres": {"votant": [{"acteurRef": "PA841495", "mandatRef": "PM843065", "parDelegation": "false", "numPlace": "010"}, {"acteurRef": "PA793158", "mandatRef": "PM840258", "parDelegation": "false", "numPlace": "075"}, {"acteurRef": "PA720822", "mandatRef": "PM840318", "parDelegation": "false", "numPlace": "045"}, {"acteurRef": "PA841131", "mandatRef": "PM842735", "parDelegation": "false", "numPlace": "124"}, {"acteurRef": "PA793182", "mandatRef": "PM842387", "parDelegation": "false", "numPlace": "056"}, {"acteurRef": "PA840075", "mandatRef": "PM840255", "parDelegation": "false", "numPlace": "067"}, {"acteurRef": "PA840159", "mandatRef": "PM840345", "parDelegation": "false", "numPlace": "043"}, {"acteurRef": "PA793548", "mandatRef": "PM842606", "parDelegation": "true", "numPlace": "023"}, {"acteurRef": "PA841613", "mandatRef": "PM843170", "parDelegation": "false", "numPlace": "144"}, {"acteurRef": "PA793166", "mandatRef": "PM840261", "parDelegation": "false", "numPlace": "070"}, {"acteurRef": "PA793928", "mandatRef": "PM840294", "parDelegation": "false", "numPlace": "033"}, {"acteurRef": "PA793146", "mandatRef": "PM840252", "parDelegation": "false", "numPlace": "120"}, {"acteurRef": "PA842073", "mandatRef": "PM843611", "parDelegation": "false", "numPlace": "027"}, {"acteurRef": "PA841761", "mandatRef": "PM843320", "parDelegation": "false", "numPlace": "128"}, {"acteurRef": "PA841621", "mandatRef": "PM843173", "parDelegation": "false", "numPlace": "143"}, {"acteurRef": "PA793246", "mandatRef": "PM842429", "parDelegation": "false", "numPlace": "062"}, {"acteurRef": "PA840143", "mandatRef": "PM840336", "parDelegation": "false", "numPlace": "130"}, {"acteurRef": "PA840801", "mandatRef": "PM842471", "parDelegation": "false", "numPlace": "014"}, {"acteurRef": "PA793102", "mandatRef": "PM842330", "parDelegation": "false", "numPlace": "153"}, {"acteurRef": "PA841605", "mandatRef": "PM843167", "parDelegation": "false", "numPlace": "079"}, {"acteurRef": "PA793362", "mandatRef": "PM842465", "parDelegation": "false", "numPlace": "001"}, {"acteurRef": "PA794418", "mandatRef": "PM840309", "parDelegation": "false", "numPlace": "025"}, {"acteurRef": "PA793592", "mandatRef": "PM842537", "parDelegation": "false", "numPlace": "072"}, {"acteurRef": "PA794894", "mandatRef": "PM840351", "parDelegation": "false", "numPlace": "138"}, {"acteurRef": "PA794954", "mandatRef": "PM840357", "parDelegation": "false", "numPlace": "003"}, {"acteurRef": "PA841777", "mandatRef": "PM843326", "parDelegation": "false", "numPlace": "002"}, {"acteurRef": "PA796050", "mandatRef": "PM840411", "parDelegation": "true", "numPlace": "015"}, {"acteurRef": "PA842255", "mandatRef": "PM843770", "parDelegation": "false", "numPlace": "066"}, {"acteurRef": "PA841553", "mandatRef": "PM843128", "parDelegation": "false", "numPlace": "021"}, {"acteurRef": "PA840781", "mandatRef": "PM842459", "parDelegation": "false", "numPlace": "085"}, {"acteurRef": "PA794946", "mandatRef": "PM843311", "parDelegation": "false", "numPlace": "064"}, {"acteurRef": "PA841479", "mandatRef": "PM843053", "parDelegation": "false", "numPlace": "118"}, {"acteurRef": "PA840757", "mandatRef": "PM842444", "parDelegation": "false", "numPlace": "157"}, {"acteurRef": "PA841451", "mandatRef": "PM843035", "parDelegation": "false", "numPlace": "005"}, {"acteurRef": "PA795900", "mandatRef": "PM843524", "parDelegation": "false", "numPlace": "006"}, {"acteurRef": "PA842085", "mandatRef": "PM843617", "parDelegation": "false", "numPlace": "081"}, {"acteurRef": "PA794598", "mandatRef": "PM843026", "parDelegation": "false", "numPlace": "086"}, {"acteurRef": "PA841439", "mandatRef": "PM843023", "parDelegation": "false", "numPlace": "149"}, {"acteurRef": "PA841075", "mandatRef": "PM842690", "parDelegation": "false", "numPlace": "018"}, {"acteurRef": "PA840857", "mandatRef": "PM842516", "parDelegation": "false", "numPlace": "119"}, {"acteurRef": "PA793290", "mandatRef": "PM842450", "parDelegation": "false", "numPlace": "146"}, {"acteurRef": "PA793608", "mandatRef": "PM842558", "parDelegation": "false", "numPlace": "156"}, {"acteurRef": "PA841873", "mandatRef": "PM843434", "parDelegation": "false", "numPlace": "122"}, {"acteurRef": "PA793672", "mandatRef": "PM842555", "parDelegation": "false", "numPlace": "031"}, {"acteurRef": "PA793904", "mandatRef": "PM840288", "parDelegation": "false", "numPlace": "125"}, {"acteurRef": "PA721932", "mandatRef": "PM843632", "parDelegation": "true", "numPlace": "147"}, {"acteurRef": "PA794590", "mandatRef": "PM840303", "parDelegation": "false", "numPlace": "123"}, {"acteurRef": "PA841587", "mandatRef": "PM843149", "parDelegation": "false", "numPlace": "013"}, {"acteurRef": "PA841563", "mandatRef": "PM843134", "parDelegation": "false", "numPlace": "133"}, {"acteurRef": "PA794530", "mandatRef": "PM840327", "parDelegation": "false", "numPlace": "051"}, {"acteurRef": "PA794770", "mandatRef": "PM843236", "parDelegation": "true", "numPlace": "078"}, {"acteurRef": "PA793616", "mandatRef": "PM842561", "parDelegation": "false", "numPlace": "030"}, {"acteurRef": "PA719436", "mandatRef": "PM840279", "parDelegation": "true", "numPlace": "020"}, {"acteurRef": "PA795786", "mandatRef": "PM840399", "parDelegation": "true", "numPlace": "071"}, {"acteurRef": "PA793852", "mandatRef": "PM842684", "parDelegation": "true", "numPlace": "145"}, {"acteurRef": "PA794670", "mandatRef": "PM843176", "parDelegation": "false", "numPlace": "102"}, {"acteurRef": "PA794582", "mandatRef": "PM840300", "parDelegation": "false", "numPlace": "101"}, {"acteurRef": "PA793656", "mandatRef": "PM842546", "parDelegation": "false", "numPlace": "057"}, {"acteurRef": "PA795966", "mandatRef": "PM843530", "parDelegation": "false", "numPlace": "076"}, {"acteurRef": "PA841981", "mandatRef": "PM843533", "parDelegation": "false", "numPlace": "041"}, {"acteurRef": "PA794442", "mandatRef": "PM840306", "parDelegation": "false", "numPlace": "141"}, {"acteurRef": "PA795410", "mandatRef": "PM843440", "parDelegation": "false", "numPlace": "152"}]}, "abstentions": null}}}, {"organeRef": "PO845407", "nombreMembresGroupe": "94", "vote": {"positionMajoritaire": "contre", "decompteVoix": {"nonVotants": "1", "pour": "0", "contre": "18", "abstentions": "0", "nonVotantsVolontaires": "0"}, "decompteNominatif": {"nonVotants": {"votant": {"acteurRef": "PA721908", "mandatRef": "PM843467", "parDelegation": "false", "numPlace": "402", "causePositionVote": "PAN"}}, "pours": null, "contres": {"votant": [{"acteurRef": "PA795950", "mandatRef": "PM843419", "parDelegation": "false", "numPlace": "259"}, {"acteurRef": "PA794330", "mandatRef": "PM842945", "parDelegation": "true", "numPlace": "397"}, {"acteurRef": "PA794798", "mandatRef": "PM843188", "parDelegation": "false", "numPlace": "365"}, {"acteurRef": "PA795864", "mandatRef": "PM840429", "parDelegation": "false", "numPlace": "277"}, {"acteurRef": "PA722382", "mandatRef": "PM843314", "parDelegation": "false", "numPlace": "249"}, {"acteurRef": "PA722366", "mandatRef": "PM843299", "parDelegation": "false", "numPlace": "294"}, {"acteurRef": "PA721764", "mandatRef": "PM843416", "parDelegation": "false", "numPlace": "271"}, {"acteurRef": "PA719550", "mandatRef": "PM842660", "parDelegation": "false", "numPlace": "265"}, {"acteurRef": "PA795920", "mandatRef": "PM843653", "parDelegation": "false", "numPlace": "274"}, {"acteurRef": "PA719512", "mandatRef": "PM842699", "parDelegation": "false", "numPlace": "327"}, {"acteurRef": "PA842147", "mandatRef": "PM849135", "parDelegation": "false", "numPlace": "400"}, {"acteurRef": "PA719798", "mandatRef": "PM842753", "parDelegation": "false", "numPlace": "262"}, {"acteurRef": "PA719412", "mandatRef": "PM842651", "parDelegation": "false", "numPlace": "269"}, {"acteurRef": "PA719756", "mandatRef": "PM842813", "parDelegation": "false", "numPlace": "280"}, {"acteurRef": "PA795386", "mandatRef": "PM843695", "parDelegation": "false", "numPlace": "284"}, {"acteurRef": "PA717379", "mandatRef": "PM843374", "parDelegation": "false", "numPlace": "256"}, {"acteurRef": "PA795664", "mandatRef": "PM843569", "parDelegation": "false", "numPlace": "368"}, {"acteurRef": "PA795528", "mandatRef": "PM843455", "parDelegation": "false", "numPlace": "276"}]}, "abstentions": null}}}, {"organeRef": "PO845413", "nombreMembresGroupe": "71", "vote": {"positionMajoritaire": "pour", "decompteVoix": {"nonVotants": "0", "pour": "22", "contre": "0", "abstentions": "0", "nonVotantsVolontaires": "0"}, "decompteNominatif": {"nonVotants": null, "pours": {"votant": [{"acteurRef": "PA793262", "mandatRef": "PM842438", "parDelegation": "false", "numPlace": "571"}, {"acteurRef": "PA793772", "mandatRef": "PM842708", "parDelegation": "false", "numPlace": "557"}, {"acteurRef": "PA842187", "mandatRef": "PM843704", "parDelegation": "false", "numPlace": "595"}, {"acteurRef": "PA842037", "mandatRef": "PM843578", "parDelegation": "false", "numPlace": "620"}, {"acteurRef": "PA791812", "mandatRef": "PM840384", "parDelegation": "false", "numPlace": "527"}, {"acteurRef": "PA721202", "mandatRef": "PM840435", "parDelegation": "false", "numPlace": "549"}, {"acteurRef": "PA795136", "mandatRef": "PM843353", "parDelegation": "false", "numPlace": "599"}, {"acteurRef": "PA841251", "mandatRef": "PM842837", "parDelegation": "false", "numPlace": "629"}, {"acteurRef": "PA796070", "mandatRef": "PM843746", "parDelegation": "false", "numPlace": "638"}, {"acteurRef": "PA794166", "mandatRef": "PM842924", "parDelegation": "true", "numPlace": "603"}, {"acteurRef": "PA795164", "mandatRef": "PM840444", "parDelegation": "false", "numPlace": "618"}, {"acteurRef": "PA841515", "mandatRef": "PM843089", "parDelegation": "false", "numPlace": "594"}, {"acteurRef": "PA795108", "mandatRef": "PM843338", "parDelegation": "false", "numPlace": "538"}, {"acteurRef": "PA795298", "mandatRef": "PM843683", "parDelegation": "false", "numPlace": "649"}, {"acteurRef": "PA791824", "mandatRef": "PM840375", "parDelegation": "false", "numPlace": "602"}, {"acteurRef": "PA842029", "mandatRef": "PM843575", "parDelegation": "false", "numPlace": "607"}, {"acteurRef": "PA793532", "mandatRef": "PM842591", "parDelegation": "false", "numPlace": "650"}, {"acteurRef": "PA795422", "mandatRef": "PM843599", "parDelegation": "false", "numPlace": "644"}, {"acteurRef": "PA794686", "mandatRef": "PM843080", "parDelegation": "false", "numPlace": "628"}, {"acteurRef": "PA841215", "mandatRef": "PM842801", "parDelegation": "false", "numPlace": "597"}, {"acteurRef": "PA795482", "mandatRef": "PM843605", "parDelegation": "false", "numPlace": "642"}, {"acteurRef": "PA841191", "mandatRef": "PM842789", "parDelegation": "false", "numPlace": "639"}]}, "contres": null, "abstentions": null}}}, {"organeRef": "PO845419", "nombreMembresGroupe": "66", "vote": {"positionMajoritaire": "contre", "decompteVoix": {"nonVotants": "0", "pour": "13", "contre": "2", "abstentions": "0", "nonVotantsVolontaires": "0"}, "decompteNominatif": {"nonVotants": null, "pours": {"votant": [{"acteurRef": "PA840665", "mandatRef": "PM842336", "parDelegation": "false", "numPlace": "471"}, {"acteurRef": "PA794094", "mandatRef": "PM840291", "parDelegation": "false", "numPlace": "436"}, {"acteurRef": "PA793624", "mandatRef": "PM842564", "parDelegation": "false", "numPlace": "422"}, {"acteurRef": "PA795762", "mandatRef": "PM843767", "parDelegation": "false", "numPlace": "437"}, {"acteurRef": "PA794854", "mandatRef": "PM843263", "parDelegation": "false", "numPlace": "550"}, {"acteurRef": "PA774960", "mandatRef": "PM840417", "parDelegation": "false", "numPlace": "414"}, {"acteurRef": "PA340343", "mandatRef": "PM842351", "parDelegation": "false", "numPlace": "412"}, {"acteurRef": "PA793816", "mandatRef": "PM842657", "parDelegation": "false", "numPlace": "433"}, {"acteurRef": "PA774958", "mandatRef": "PM843389", "parDelegation": "false", "numPlace": "415"}, {"acteurRef": "PA841107", "mandatRef": "PM842717", "parDelegation": "false", "numPlace": "474"}, {"acteurRef": "PA841381", "mandatRef": "PM842966", "parDelegation": "false", "numPlace": "463"}, {"acteurRef": "PA840955", "mandatRef": "PM842573", "parDelegation": "false", "numPlace": "444"}, {"acteurRef": "PA840673", "mandatRef": "PM842339", "parDelegation": "false", "numPlace": "472"}]}, "contres": {"votant": [{"acteurRef": "PA841463", "mandatRef": "PM843047", "parDelegation": "false", "numPlace": "568"}, {"acteurRef": "PA608172", "mandatRef": "PM843083", "parDelegation": "false", "numPlace": "426"}]}, "abstentions": null}}}, {"organeRef": "PO845425", "nombreMembresGroupe": "47", "vote": {"positionMajoritaire": "contre", "decompteVoix": {"nonVotants": "0", "pour": "1", "contre": "2", "abstentions": "0", "nonVotantsVolontaires": "0"}, "decompteNominatif": {"nonVotants": null, "pours": {"votant": {"acteurRef": "PA840979", "mandatRef": "PM842588", "parDelegation": "false", "numPlace": "211"}}, "contres": {"votant": [{"acteurRef": "PA608016", "mandatRef": "PM843155", "parDelegation": "false", "numPlace": "173"}, {"acteurRef": "PA721816", "mandatRef": "PM843551", "parDelegation": "false", "numPlace": "180"}]}, "abstentions": null}}}, {"organeRef": "PO845439", "nombreMembresGroupe": "38", "vote": {"positionMajoritaire": "pour", "decompteVoix": {"nonVotants": "0", "pour": "11", "contre": "1", "abstentions": "0", "nonVotantsVolontaires": "0"}, "decompteNominatif": {"nonVotants": null, "pours": {"votant": [{"acteurRef": "PA793708", "mandatRef": "PM842525", "parDelegation": "false", "numPlace": "491"}, {"acteurRef": "PA736201", "mandatRef": "PM840423", "parDelegation": "false", "numPlace": "494"}, {"acteurRef": "PA2940", "mandatRef": "PM842531", "parDelegation": "false", "numPlace": "495"}, {"acteurRef": "PA841507", "mandatRef": "PM843086", "parDelegation": "false", "numPlace": "500"}, {"acteurRef": "PA796018", "mandatRef": "PM843425", "parDelegation": "true", "numPlace": "502"}, {"acteurRef": "PA842045", "mandatRef": "PM843581", "parDelegation": "false", "numPlace": "506"}, {"acteurRef": "PA795010", "mandatRef": "PM840354", "parDelegation": "true", "numPlace": "507"}, {"acteurRef": "PA793664", "mandatRef": "PM842549", "parDelegation": "false", "numPlace": "522"}, {"acteurRef": "PA841223", "mandatRef": "PM842804", "parDelegation": "false", "numPlace": "525"}, {"acteurRef": "PA840997", "mandatRef": "PM842612", "parDelegation": "false", "numPlace": "533"}, {"acteurRef": "PA795454", "mandatRef": "PM843821", "parDelegation": "false", "numPlace": "542"}]}, "contres": {"votant": {"acteurRef": "PA841351", "mandatRef": "PM842936", "parDelegation": "false", "numPlace": "543"}}, "abstentions": null}}}, {"organeRef": "PO845454", "nombreMembresGroupe": "36", "vote": {"positionMajoritaire": "contre", "decompteVoix": {"nonVotants": "0", "pour": "0", "contre": "6", "abstentions": "0", "nonVotantsVolontaires": "0"}, "decompteNominatif": {"nonVotants": null, "pours": null, "contres": {"votant": [{"acteurRef": "PA720720", "mandatRef": "PM843254", "parDelegation": "false", "numPlace": "330"}, {"acteurRef": "PA719640", "mandatRef": "PM842831", "parDelegation": "false", "numPlace": "331"}, {"acteurRef": "PA720728", "mandatRef": "PM843257", "parDelegation": "false", "numPlace": "339"}, {"acteurRef": "PA795374", "mandatRef": "PM843593", "parDelegation": "false", "numPlace": "341"}, {"acteurRef": "PA719024", "mandatRef": "PM842390", "parDelegation": "false", "numPlace": "344"}, {"acteurRef": "PA805166", "mandatRef": "PM849145", "parDelegation": "true", "numPlace": "358"}]}, "abstentions": null}}}, {"organeRef": "PO845470", "nombreMembresGroupe": "34", "vote": {"positionMajoritaire": "contre", "decompteVoix": {"nonVotants": "1", "pour": "0", "contre": "7", "abstentions": "0", "nonVotantsVolontaires": "0"}, "decompteNominatif": {"nonVotants": {"votant": {"acteurRef": "PA720908", "mandatRef": "PM843701", "parDelegation": "false", "numPlace": "221", "causePositionVote": "PSE"}}, "pours": null, "contres": {"votant": [{"acteurRef": "PA794470", "mandatRef": "PM843104", "parDelegation": "false", "numPlace": "225"}, {"acteurRef": "PA842125", "mandatRef": "PM843641", "parDelegation": "false", "numPlace": "228"}, {"acteurRef": "PA841013", "mandatRef": "PM849137", "parDelegation": "false", "numPlace": "230"}, {"acteurRef": "PA720552", "mandatRef": "PM843029", "parDelegation": "false", "numPlace": "232"}, {"acteurRef": "PA719778", "mandatRef": "PM842744", "parDelegation": "false", "numPlace": "233"}, {"acteurRef": "PA794466", "mandatRef": "PM849654", "parDelegation": "false", "numPlace": "245"}, {"acteurRef": "PA794518", "mandatRef": "PM849133", "parDelegation": "false", "numPlace": "319"}]}, "abstentions": null}}}, {"organeRef": "PO845485", "nombreMembresGroupe": "23", "vote": {"positionMajoritaire": "pour", "decompteVoix": {"nonVotants": "0", "pour": "3", "contre": "1", "abstentions": "0", "nonVotantsVolontaires": "0"}, "decompteNominatif": {"nonVotants": null, "pours": {"votant": [{"acteurRef": "PA841931", "mandatRef": "PM843485", "parDelegation": "false", "numPlace": "394"}, {"acteurRef": "PA719138", "mandatRef": "PM842672", "parDelegation": "false", "numPlace": "467"}, {"acteurRef": "PA267763", "mandatRef": "PM843125", "parDelegation": "false", "numPlace": "479"}]}, "contres": {"votant": {"acteurRef": "PA942", "mandatRef": "PM842987", "parDelegation": "false", "numPlace": "383"}}, "abstentions": null}}}, {"organeRef": "PO845514", "nombreMembresGroupe": "17", "vote": {"positionMajoritaire": "pour", "decompteVoix": {"nonVotants": "0", "pour": "2", "contre": "2", "abstentions": "0", "nonVotantsVolontaires": "0"}, "decompteNominatif": {"nonVotants": null, "pours": {"votant": [{"acteurRef": "PA796106", "mandatRef": "PM843383", "parDelegation": "false", "numPlace": "585"}, {"acteurRef": "PA795868", "mandatRef": "PM843722", "parDelegation": "false", "numPlace": "591"}]}, "contres": {"votant": [{"acteurRef": "PA774962", "mandatRef": "PM843731", "parDelegation": "true", "numPlace": "576"}, {"acteurRef": "PA842271", "mandatRef": "PM843776", "parDelegation": "false", "numPlace": "584"}]}, "abstentions": null}}}, {"organeRef": "PO847173", "nombreMembresGroupe": "16", "vote": {"positionMajoritaire": "contre", "decompteVoix": {"nonVotants": "0", "pour": "0", "contre": "3", "abstentions": "0", "nonVotantsVolontaires": "0"}, "decompteNominatif": {"nonVotants": null, "pours": null, "contres": {"votant": [{"acteurRef": "PA841769", "mandatRef": "PM843323", "parDelegation": "false", "numPlace": "096"}, {"acteurRef": "PA841207", "mandatRef": "PM842798", "parDelegation": "false", "numPlace": "106"}, {"acteurRef": "PA841395", "mandatRef": "PM842981", "parDelegation": "false", "numPlace": "112"}]}, "abstentions": null}}}, {"organeRef": "PO840056", "nombreMembresGroupe": "8", "vote": {"positionMajoritaire": "pour", "decompteVoix": {"nonVotants": "0", "pour": "1", "contre": "0", "abstentions": "0", "nonVotantsVolontaires": "0"}, "decompteNominatif": {"nonVotants": null, "pours": {"votant": {"acteurRef": "PA643175", "mandatRef": "PM842840", "parDelegation": "false", "numPlace": "403"}}, "contres": null, "abstentions": null}}}]}}}, "miseAuPoint": {"nonVotants": [null, null], "pours": null, "abstentions": [null, null], "nonVotantsVolontaires": [null, null], "contres": null, "dysfonctionnement": {"nonVotants": null, "pour": null, "contre": null, "abstentions": null, "nonVotantsVolontaires": null}}, "lieuVote": "H\u00e9micycle"}}