{"scrutin": {"@xmlns": "http://schemas.assemblee-nationale.fr/referentiel", "@xmlns:xsi": "http://www.w3.org/2001/XMLSchema-instance", "uid": "VTANR5L17V438", "numero": "438", "organeRef": "PO838901", "legislature": "17", "sessionRef": "SCR5A2025O1", "seanceRef": "RUANR5L17S2025IDS28636", "dateScrutin": "2024-11-12", "quantiemeJourSeance": "1", "typeVote": {"codeTypeVote": "SPS", "libelleTypeVote": "scrutin public solennel", "typeMajorite": "Majorit\u00e9 absolue des suffrages exprim\u00e9s"}, "sort": {"code": "rejet\u00e9", "libelle": "L'Assembl\u00e9e nationale n'a pas adopt\u00e9"}, "titre": "la premi\u00e8re partie du projet de loi de finances pour 2025 (premi\u00e8re lecture).", "demandeur": {"texte": "Conf\u00e9rence des Pr\u00e9sidents", "referenceLegislative": null}, "objet": {"libelle": "la premi\u00e8re partie du projet de loi de finances pour 2025 (premi\u00e8re lecture).", "dossierLegislatif": null, "referenceLegislative": null}, "modePublicationDesVotes": "DecompteNominatif", "syntheseVote": {"nombreVotants": "573", "suffragesExprimes": "554", "nbrSuffragesRequis": "278", "annonce": "L'Assembl\u00e9e nationale n'a pas adopt\u00e9", "decompte": {"nonVotants": "1", "pour": "192", "contre": "362", "abstentions": "19", "nonVotantsVolontaires": "0"}}, "ventilationVotes": {"organe": {"organeRef": "PO838901", "groupes": {"groupe": [{"organeRef": "PO845401", "nombreMembresGroupe": "125", "vote": {"positionMajoritaire": "contre", "decompteVoix": {"nonVotants": "0", "pour": "0", "contre": "125", "abstentions": "0", "nonVotantsVolontaires": "0"}, "decompteNominatif": {"nonVotants": null, "pours": null, "contres": {"votant": [{"acteurRef": "PA793432", "mandatRef": "PM840276", "parDelegation": "false", "numPlace": "080"}, {"acteurRef": "PA841495", "mandatRef": "PM843065", "parDelegation": "false", "numPlace": "010"}, {"acteurRef": "PA796118", "mandatRef": "PM843629", "parDelegation": "true", "numPlace": "077"}, {"acteurRef": "PA794562", "mandatRef": "PM840339", "parDelegation": "false", "numPlace": "094"}, {"acteurRef": "PA842279", "mandatRef": "PM843779", "parDelegation": "false", "numPlace": "026"}, {"acteurRef": "PA793238", "mandatRef": "PM842426", "parDelegation": "false", "numPlace": "073"}, {"acteurRef": "PA793374", "mandatRef": "PM842477", "parDelegation": "false", "numPlace": "052"}, {"acteurRef": "PA793158", "mandatRef": "PM840258", "parDelegation": "false", "numPlace": "075"}, {"acteurRef": "PA794434", "mandatRef": "PM842990", "parDelegation": "false", "numPlace": "084"}, {"acteurRef": "PA841645", "mandatRef": "PM843200", "parDelegation": "false", "numPlace": "054"}, {"acteurRef": "PA842001", "mandatRef": "PM843554", "parDelegation": "false", "numPlace": "110"}, {"acteurRef": "PA720822", "mandatRef": "PM840318", "parDelegation": "false", "numPlace": "045"}, {"acteurRef": "PA720668", "mandatRef": "PM840342", "parDelegation": "false", "numPlace": "060"}, {"acteurRef": "PA794886", "mandatRef": "PM843230", "parDelegation": "false", "numPlace": "117"}, {"acteurRef": "PA796042", "mandatRef": "PM843428", "parDelegation": "false", "numPlace": "017"}, {"acteurRef": "PA793844", "mandatRef": "PM842681", "parDelegation": "false", "numPlace": "135"}, {"acteurRef": "PA841487", "mandatRef": "PM843062", "parDelegation": "true", "numPlace": "126"}, {"acteurRef": "PA841131", "mandatRef": "PM842735", "parDelegation": "false", "numPlace": "124"}, {"acteurRef": "PA793182", "mandatRef": "PM842387", "parDelegation": "false", "numPlace": "056"}, {"acteurRef": "PA793134", "mandatRef": "PM842375", "parDelegation": "false", "numPlace": "132"}, {"acteurRef": "PA840075", "mandatRef": "PM840255", "parDelegation": "false", "numPlace": "067"}, {"acteurRef": "PA720468", "mandatRef": "PM840333", "parDelegation": "false", "numPlace": "028"}, {"acteurRef": "PA794198", "mandatRef": "PM842876", "parDelegation": "false", "numPlace": "007"}, {"acteurRef": "PA840159", "mandatRef": "PM840345", "parDelegation": "false", "numPlace": "043"}, {"acteurRef": "PA793548", "mandatRef": "PM842606", "parDelegation": "false", "numPlace": "023"}, {"acteurRef": "PA795644", "mandatRef": "PM843560", "parDelegation": "true", "numPlace": "158"}, {"acteurRef": "PA841613", "mandatRef": "PM843170", "parDelegation": "false", "numPlace": "144"}, {"acteurRef": "PA642988", "mandatRef": "PM840414", "parDelegation": "true", "numPlace": "095"}, {"acteurRef": "PA840119", "mandatRef": "PM840321", "parDelegation": "false", "numPlace": "024"}, {"acteurRef": "PA793166", "mandatRef": "PM840261", "parDelegation": "false", "numPlace": "070"}, {"acteurRef": "PA793928", "mandatRef": "PM840294", "parDelegation": "true", "numPlace": "033"}, {"acteurRef": "PA794762", "mandatRef": "PM843233", "parDelegation": "false", "numPlace": "059"}, {"acteurRef": "PA793146", "mandatRef": "PM840252", "parDelegation": "false", "numPlace": "120"}, {"acteurRef": "PA840135", "mandatRef": "PM840330", "parDelegation": "false", "numPlace": "038"}, {"acteurRef": "PA842073", "mandatRef": "PM843611", "parDelegation": "false", "numPlace": "027"}, {"acteurRef": "PA841761", "mandatRef": "PM843320", "parDelegation": "false", "numPlace": "128"}, {"acteurRef": "PA794718", "mandatRef": "PM840348", "parDelegation": "true", "numPlace": "140"}, {"acteurRef": "PA841621", "mandatRef": "PM843173", "parDelegation": "false", "numPlace": "143"}, {"acteurRef": "PA793246", "mandatRef": "PM842429", "parDelegation": "false", "numPlace": "062"}, {"acteurRef": "PA840143", "mandatRef": "PM840336", "parDelegation": "false", "numPlace": "130"}, {"acteurRef": "PA840801", "mandatRef": "PM842471", "parDelegation": "true", "numPlace": "014"}, {"acteurRef": "PA794678", "mandatRef": "PM840312", "parDelegation": "false", "numPlace": "048"}, {"acteurRef": "PA841139", "mandatRef": "PM842741", "parDelegation": "false", "numPlace": "049"}, {"acteurRef": "PA793892", "mandatRef": "PM842738", "parDelegation": "true", "numPlace": "063"}, {"acteurRef": "PA841737", "mandatRef": "PM843290", "parDelegation": "false", "numPlace": "016"}, {"acteurRef": "PA796034", "mandatRef": "PM840393", "parDelegation": "false", "numPlace": "148"}, {"acteurRef": "PA793832", "mandatRef": "PM842678", "parDelegation": "false", "numPlace": "129"}, {"acteurRef": "PA793102", "mandatRef": "PM842330", "parDelegation": "true", "numPlace": "153"}, {"acteurRef": "PA841605", "mandatRef": "PM843167", "parDelegation": "false", "numPlace": "079"}, {"acteurRef": "PA793362", "mandatRef": "PM842465", "parDelegation": "false", "numPlace": "001"}, {"acteurRef": "PA794418", "mandatRef": "PM840309", "parDelegation": "false", "numPlace": "025"}, {"acteurRef": "PA793592", "mandatRef": "PM842537", "parDelegation": "false", "numPlace": "072"}, {"acteurRef": "PA842097", "mandatRef": "PM843623", "parDelegation": "false", "numPlace": "009"}, {"acteurRef": "PA794894", "mandatRef": "PM840351", "parDelegation": "false", "numPlace": "138"}, {"acteurRef": "PA794570", "mandatRef": "PM843137", "parDelegation": "false", "numPlace": "083"}, {"acteurRef": "PA794954", "mandatRef": "PM840357", "parDelegation": "false", "numPlace": "003"}, {"acteurRef": "PA841777", "mandatRef": "PM843326", "parDelegation": "false", "numPlace": "002"}, {"acteurRef": "PA796050", "mandatRef": "PM840411", "parDelegation": "true", "numPlace": "015"}, {"acteurRef": "PA842255", "mandatRef": "PM843770", "parDelegation": "false", "numPlace": "066"}, {"acteurRef": "PA793382", "mandatRef": "PM842480", "parDelegation": "true", "numPlace": "151"}, {"acteurRef": "PA795778", "mandatRef": "PM843509", "parDelegation": "false", "numPlace": "035"}, {"acteurRef": "PA794502", "mandatRef": "PM840324", "parDelegation": "false", "numPlace": "050"}, {"acteurRef": "PA841553", "mandatRef": "PM843128", "parDelegation": "false", "numPlace": "021"}, {"acteurRef": "PA793298", "mandatRef": "PM842360", "parDelegation": "false", "numPlace": "150"}, {"acteurRef": "PA840781", "mandatRef": "PM842459", "parDelegation": "false", "numPlace": "085"}, {"acteurRef": "PA794946", "mandatRef": "PM843311", "parDelegation": "true", "numPlace": "064"}, {"acteurRef": "PA841575", "mandatRef": "PM843143", "parDelegation": "false", "numPlace": "134"}, {"acteurRef": "PA841479", "mandatRef": "PM843053", "parDelegation": "false", "numPlace": "118"}, {"acteurRef": "PA840757", "mandatRef": "PM842444", "parDelegation": "false", "numPlace": "157"}, {"acteurRef": "PA841451", "mandatRef": "PM843035", "parDelegation": "false", "numPlace": "005"}, {"acteurRef": "PA794734", "mandatRef": "PM843146", "parDelegation": "false", "numPlace": "008"}, {"acteurRef": "PA793218", "mandatRef": "PM840267", "parDelegation": "false", "numPlace": "127"}, {"acteurRef": "PA795900", "mandatRef": "PM843524", "parDelegation": "false", "numPlace": "006"}, {"acteurRef": "PA793632", "mandatRef": "PM842627", "parDelegation": "false", "numPlace": "082"}, {"acteurRef": "PA842085", "mandatRef": "PM843617", "parDelegation": "false", "numPlace": "081"}, {"acteurRef": "PA794598", "mandatRef": "PM843026", "parDelegation": "false", "numPlace": "086"}, {"acteurRef": "PA841439", "mandatRef": "PM843023", "parDelegation": "true", "numPlace": "149"}, {"acteurRef": "PA794030", "mandatRef": "PM842780", "parDelegation": "true", "numPlace": "039"}, {"acteurRef": "PA841749", "mandatRef": "PM843305", "parDelegation": "false", "numPlace": "011"}, {"acteurRef": "PA841075", "mandatRef": "PM842690", "parDelegation": "false", "numPlace": "018"}, {"acteurRef": "PA840869", "mandatRef": "PM842522", "parDelegation": "false", "numPlace": "047"}, {"acteurRef": "PA794354", "mandatRef": "PM842960", "parDelegation": "false", "numPlace": "100"}, {"acteurRef": "PA795912", "mandatRef": "PM840402", "parDelegation": "false", "numPlace": "108"}, {"acteurRef": "PA841837", "mandatRef": "PM843404", "parDelegation": "false", "numPlace": "116"}, {"acteurRef": "PA720614", "mandatRef": "PM840315", "parDelegation": "false", "numPlace": "036"}, {"acteurRef": "PA796026", "mandatRef": "PM840390", "parDelegation": "true", "numPlace": "053"}, {"acteurRef": "PA840857", "mandatRef": "PM842516", "parDelegation": "false", "numPlace": "119"}, {"acteurRef": "PA793290", "mandatRef": "PM842450", "parDelegation": "false", "numPlace": "146"}, {"acteurRef": "PA793608", "mandatRef": "PM842558", "parDelegation": "false", "numPlace": "156"}, {"acteurRef": "PA841873", "mandatRef": "PM843434", "parDelegation": "false", "numPlace": "122"}, {"acteurRef": "PA840967", "mandatRef": "PM842579", "parDelegation": "false", "numPlace": "154"}, {"acteurRef": "PA793672", "mandatRef": "PM842555", "parDelegation": "false", "numPlace": "031"}, {"acteurRef": "PA793904", "mandatRef": "PM840288", "parDelegation": "false", "numPlace": "125"}, {"acteurRef": "PA721932", "mandatRef": "PM843632", "parDelegation": "false", "numPlace": "147"}, {"acteurRef": "PA795974", "mandatRef": "PM840387", "parDelegation": "false", "numPlace": "022"}, {"acteurRef": "PA794590", "mandatRef": "PM840303", "parDelegation": "false", "numPlace": "123"}, {"acteurRef": "PA841587", "mandatRef": "PM843149", "parDelegation": "false", "numPlace": "013"}, {"acteurRef": "PA841563", "mandatRef": "PM843134", "parDelegation": "false", "numPlace": "133"}, {"acteurRef": "PA794530", "mandatRef": "PM840327", "parDelegation": "true", "numPlace": "051"}, {"acteurRef": "PA840837", "mandatRef": "PM842495", "parDelegation": "false", "numPlace": "111"}, {"acteurRef": "PA841825", "mandatRef": "PM843392", "parDelegation": "false", "numPlace": "155"}, {"acteurRef": "PA794770", "mandatRef": "PM843236", "parDelegation": "true", "numPlace": "078"}, {"acteurRef": "PA793314", "mandatRef": "PM840243", "parDelegation": "false", "numPlace": "044"}, {"acteurRef": "PA793330", "mandatRef": "PM840249", "parDelegation": "true", "numPlace": "109"}, {"acteurRef": "PA793616", "mandatRef": "PM842561", "parDelegation": "false", "numPlace": "030"}, {"acteurRef": "PA719436", "mandatRef": "PM840279", "parDelegation": "false", "numPlace": "020"}, {"acteurRef": "PA793354", "mandatRef": "PM842462", "parDelegation": "true", "numPlace": "012"}, {"acteurRef": "PA795786", "mandatRef": "PM840399", "parDelegation": "true", "numPlace": "071"}, {"acteurRef": "PA794322", "mandatRef": "PM842942", "parDelegation": "false", "numPlace": "040"}, {"acteurRef": "PA793852", "mandatRef": "PM842684", "parDelegation": "true", "numPlace": "145"}, {"acteurRef": "PA840915", "mandatRef": "PM842552", "parDelegation": "false", "numPlace": "068"}, {"acteurRef": "PA793696", "mandatRef": "PM842519", "parDelegation": "false", "numPlace": "058"}, {"acteurRef": "PA795552", "mandatRef": "PM840408", "parDelegation": "false", "numPlace": "090"}, {"acteurRef": "PA794670", "mandatRef": "PM843176", "parDelegation": "false", "numPlace": "102"}, {"acteurRef": "PA841199", "mandatRef": "PM842792", "parDelegation": "false", "numPlace": "139"}, {"acteurRef": "PA794582", "mandatRef": "PM840300", "parDelegation": "false", "numPlace": "101"}, {"acteurRef": "PA793656", "mandatRef": "PM842546", "parDelegation": "false", "numPlace": "057"}, {"acteurRef": "PA795966", "mandatRef": "PM843530", "parDelegation": "false", "numPlace": "076"}, {"acteurRef": "PA793230", "mandatRef": "PM842423", "parDelegation": "false", "numPlace": "019"}, {"acteurRef": "PA793254", "mandatRef": "PM842432", "parDelegation": "false", "numPlace": "136"}, {"acteurRef": "PA841955", "mandatRef": "PM843506", "parDelegation": "false", "numPlace": "089"}, {"acteurRef": "PA841981", "mandatRef": "PM843533", "parDelegation": "false", "numPlace": "041"}, {"acteurRef": "PA842227", "mandatRef": "PM843734", "parDelegation": "false", "numPlace": "032"}, {"acteurRef": "PA794442", "mandatRef": "PM840306", "parDelegation": "false", "numPlace": "141"}, {"acteurRef": "PA795410", "mandatRef": "PM843440", "parDelegation": "false", "numPlace": "152"}]}, "abstentions": null}}}, {"organeRef": "PO845407", "nombreMembresGroupe": "94", "vote": {"positionMajoritaire": "contre", "decompteVoix": {"nonVotants": "1", "pour": "1", "contre": "87", "abstentions": "4", "nonVotantsVolontaires": "4"}, "decompteNominatif": {"nonVotants": {"votant": {"acteurRef": "PA721908", "mandatRef": "PM843467", "parDelegation": "false", "numPlace": "402", "causePositionVote": "PAN"}}, "pours": {"votant": {"acteurRef": "PA719632", "mandatRef": "PM842828", "parDelegation": "false", "numPlace": "378"}}, "contres": {"votant": [{"acteurRef": "PA795950", "mandatRef": "PM843419", "parDelegation": "false", "numPlace": "259"}, {"acteurRef": "PA721158", "mandatRef": "PM843806", "parDelegation": "false", "numPlace": "281"}, {"acteurRef": "PA722190", "mandatRef": "PM843659", "parDelegation": "false", "numPlace": "267"}, {"acteurRef": "PA642935", "mandatRef": "PM843218", "parDelegation": "true", "numPlace": "367"}, {"acteurRef": "PA722046", "mandatRef": "PM843482", "parDelegation": "false", "numPlace": "270"}, {"acteurRef": "PA719218", "mandatRef": "PM842585", "parDelegation": "false", "numPlace": "295"}, {"acteurRef": "PA717161", "mandatRef": "PM842396", "parDelegation": "false", "numPlace": "255"}, {"acteurRef": "PA606507", "mandatRef": "PM842834", "parDelegation": "false", "numPlace": "251"}, {"acteurRef": "PA794330", "mandatRef": "PM842945", "parDelegation": "true", "numPlace": "397"}, {"acteurRef": "PA719890", "mandatRef": "PM842855", "parDelegation": "false", "numPlace": "257"}, {"acteurRef": "PA722000", "mandatRef": "PM843542", "parDelegation": "false", "numPlace": "293"}, {"acteurRef": "PA794798", "mandatRef": "PM843188", "parDelegation": "false", "numPlace": "365"}, {"acteurRef": "PA721750", "mandatRef": "PM843647", "parDelegation": "false", "numPlace": "301"}, {"acteurRef": "PA795330", "mandatRef": "PM843800", "parDelegation": "false", "numPlace": "273"}, {"acteurRef": "PA842311", "mandatRef": "PM843803", "parDelegation": "false", "numPlace": "384"}, {"acteurRef": "PA793940", "mandatRef": "PM842726", "parDelegation": "false", "numPlace": "279"}, {"acteurRef": "PA719472", "mandatRef": "PM842720", "parDelegation": "false", "numPlace": "282"}, {"acteurRef": "PA795864", "mandatRef": "PM840429", "parDelegation": "false", "numPlace": "277"}, {"acteurRef": "PA795908", "mandatRef": "PM843527", "parDelegation": "false", "numPlace": "311"}, {"acteurRef": "PA719118", "mandatRef": "PM842501", "parDelegation": "true", "numPlace": "290"}, {"acteurRef": "PA607846", "mandatRef": "PM843113", "parDelegation": "true", "numPlace": "266"}, {"acteurRef": "PA794982", "mandatRef": "PM843329", "parDelegation": "false", "numPlace": "272"}, {"acteurRef": "PA722382", "mandatRef": "PM843314", "parDelegation": "true", "numPlace": "249"}, {"acteurRef": "PA720154", "mandatRef": "PM842852", "parDelegation": "false", "numPlace": "314"}, {"acteurRef": "PA794658", "mandatRef": "PM843164", "parDelegation": "false", "numPlace": "308"}, {"acteurRef": "PA722134", "mandatRef": "PM843497", "parDelegation": "false", "numPlace": "309"}, {"acteurRef": "PA840235", "mandatRef": "PM840468", "parDelegation": "false", "numPlace": "399"}, {"acteurRef": "PA722366", "mandatRef": "PM843299", "parDelegation": "false", "numPlace": "294"}, {"acteurRef": "PA722358", "mandatRef": "PM843296", "parDelegation": "true", "numPlace": "306"}, {"acteurRef": "PA721296", "mandatRef": "PM843698", "parDelegation": "true", "numPlace": "313"}, {"acteurRef": "PA721764", "mandatRef": "PM843416", "parDelegation": "false", "numPlace": "271"}, {"acteurRef": "PA793270", "mandatRef": "PM842441", "parDelegation": "false", "numPlace": "303"}, {"acteurRef": "PA842137", "mandatRef": "PM843656", "parDelegation": "true", "numPlace": "374"}, {"acteurRef": "PA757225", "mandatRef": "PM840465", "parDelegation": "false", "numPlace": "297"}, {"acteurRef": "PA794802", "mandatRef": "PM843191", "parDelegation": "false", "numPlace": "364"}, {"acteurRef": "PA720190", "mandatRef": "PM843074", "parDelegation": "false", "numPlace": "291"}, {"acteurRef": "PA794486", "mandatRef": "PM843110", "parDelegation": "false", "numPlace": "253"}, {"acteurRef": "PA719550", "mandatRef": "PM842660", "parDelegation": "false", "numPlace": "265"}, {"acteurRef": "PA721584", "mandatRef": "PM843518", "parDelegation": "false", "numPlace": "248"}, {"acteurRef": "PA795920", "mandatRef": "PM843653", "parDelegation": "false", "numPlace": "274"}, {"acteurRef": "PA722102", "mandatRef": "PM843380", "parDelegation": "false", "numPlace": "298"}, {"acteurRef": "PA719512", "mandatRef": "PM842699", "parDelegation": "true", "numPlace": "327"}, {"acteurRef": "PA721170", "mandatRef": "PM843809", "parDelegation": "false", "numPlace": "389"}, {"acteurRef": "PA2960", "mandatRef": "PM843140", "parDelegation": "false", "numPlace": "250"}, {"acteurRef": "PA795046", "mandatRef": "PM843818", "parDelegation": "true", "numPlace": "324"}, {"acteurRef": "PA841801", "mandatRef": "PM849141", "parDelegation": "false", "numPlace": "325"}, {"acteurRef": "PA842147", "mandatRef": "PM849135", "parDelegation": "false", "numPlace": "400"}, {"acteurRef": "PA795888", "mandatRef": "PM849149", "parDelegation": "false", "numPlace": "401"}, {"acteurRef": "PA842323", "mandatRef": "PM849153", "parDelegation": "false", "numPlace": "398"}, {"acteurRef": "PA840713", "mandatRef": "PM849139", "parDelegation": "false", "numPlace": "321"}, {"acteurRef": "PA795962", "mandatRef": "PM849121", "parDelegation": "false", "numPlace": "323"}, {"acteurRef": "PA841601", "mandatRef": "PM849131", "parDelegation": "false", "numPlace": "326"}, {"acteurRef": "PA841709", "mandatRef": "PM849151", "parDelegation": "false", "numPlace": "322"}, {"acteurRef": "PA267200", "mandatRef": "PM843098", "parDelegation": "false", "numPlace": "380"}, {"acteurRef": "PA720354", "mandatRef": "PM843008", "parDelegation": "true", "numPlace": "263"}, {"acteurRef": "PA643184", "mandatRef": "PM843206", "parDelegation": "false", "numPlace": "366"}, {"acteurRef": "PA719798", "mandatRef": "PM842753", "parDelegation": "false", "numPlace": "262"}, {"acteurRef": "PA721004", "mandatRef": "PM843824", "parDelegation": "false", "numPlace": "381"}, {"acteurRef": "PA841693", "mandatRef": "PM843266", "parDelegation": "false", "numPlace": "312"}, {"acteurRef": "PA720022", "mandatRef": "PM842957", "parDelegation": "false", "numPlace": "370"}, {"acteurRef": "PA719404", "mandatRef": "PM842648", "parDelegation": "false", "numPlace": "288"}, {"acteurRef": "PA345722", "mandatRef": "PM843650", "parDelegation": "false", "numPlace": "386"}, {"acteurRef": "PA719388", "mandatRef": "PM842642", "parDelegation": "false", "numPlace": "254"}, {"acteurRef": "PA719756", "mandatRef": "PM842813", "parDelegation": "false", "numPlace": "280"}, {"acteurRef": "PA720342", "mandatRef": "PM842999", "parDelegation": "false", "numPlace": "278"}, {"acteurRef": "PA721852", "mandatRef": "PM843464", "parDelegation": "false", "numPlace": "264"}, {"acteurRef": "PA795386", "mandatRef": "PM843695", "parDelegation": "false", "numPlace": "284"}, {"acteurRef": "PA721134", "mandatRef": "PM843797", "parDelegation": "false", "numPlace": "268"}, {"acteurRef": "PA720446", "mandatRef": "PM843095", "parDelegation": "false", "numPlace": "258"}, {"acteurRef": "PA717379", "mandatRef": "PM843374", "parDelegation": "false", "numPlace": "256"}, {"acteurRef": "PA795730", "mandatRef": "PM843491", "parDelegation": "false", "numPlace": "377"}, {"acteurRef": "PA794206", "mandatRef": "PM842879", "parDelegation": "false", "numPlace": "307"}, {"acteurRef": "PA719080", "mandatRef": "PM842603", "parDelegation": "false", "numPlace": "287"}, {"acteurRef": "PA720146", "mandatRef": "PM842849", "parDelegation": "false", "numPlace": "376"}, {"acteurRef": "PA677483", "mandatRef": "PM842435", "parDelegation": "false", "numPlace": "292"}, {"acteurRef": "PA719338", "mandatRef": "PM842654", "parDelegation": "false", "numPlace": "387"}, {"acteurRef": "PA720370", "mandatRef": "PM843014", "parDelegation": "true", "numPlace": "388"}, {"acteurRef": "PA795176", "mandatRef": "PM843788", "parDelegation": "true", "numPlace": "385"}, {"acteurRef": "PA795664", "mandatRef": "PM843569", "parDelegation": "false", "numPlace": "368"}, {"acteurRef": "PA817203", "mandatRef": "PM842978", "parDelegation": "false", "numPlace": "285"}, {"acteurRef": "PA795722", "mandatRef": "PM843488", "parDelegation": "false", "numPlace": "375"}, {"acteurRef": "PA721916", "mandatRef": "PM843470", "parDelegation": "false", "numPlace": "315"}, {"acteurRef": "PA335758", "mandatRef": "PM843437", "parDelegation": "false", "numPlace": "261"}, {"acteurRef": "PA721426", "mandatRef": "PM843356", "parDelegation": "false", "numPlace": "302"}, {"acteurRef": "PA720066", "mandatRef": "PM842933", "parDelegation": "false", "numPlace": "260"}, {"acteurRef": "PA722252", "mandatRef": "PM843566", "parDelegation": "true", "numPlace": "296"}, {"acteurRef": "PA795528", "mandatRef": "PM843455", "parDelegation": "false", "numPlace": "276"}]}, "abstentions": {"votant": [{"acteurRef": "PA642695", "mandatRef": "PM842594", "parDelegation": "false", "numPlace": "286"}, {"acteurRef": "PA607395", "mandatRef": "PM843077", "parDelegation": "false", "numPlace": "300"}, {"acteurRef": "PA720362", "mandatRef": "PM843011", "parDelegation": "false", "numPlace": "304"}, {"acteurRef": "PA719922", "mandatRef": "PM842867", "parDelegation": "false", "numPlace": "305"}]}}}}, {"organeRef": "PO845413", "nombreMembresGroupe": "71", "vote": {"positionMajoritaire": "pour", "decompteVoix": {"nonVotants": "0", "pour": "71", "contre": "0", "abstentions": "0", "nonVotantsVolontaires": "0"}, "decompteNominatif": {"nonVotants": null, "pours": {"votant": [{"acteurRef": "PA795228", "mandatRef": "PM840447", "parDelegation": "false", "numPlace": "627"}, {"acteurRef": "PA793262", "mandatRef": "PM842438", "parDelegation": "false", "numPlace": "571"}, {"acteurRef": "PA794906", "mandatRef": "PM843284", "parDelegation": "false", "numPlace": "544"}, {"acteurRef": "PA794138", "mandatRef": "PM842909", "parDelegation": "false", "numPlace": "526"}, {"acteurRef": "PA795588", "mandatRef": "PM843557", "parDelegation": "true", "numPlace": "643"}, {"acteurRef": "PA795084", "mandatRef": "PM840369", "parDelegation": "false", "numPlace": "610"}, {"acteurRef": "PA842105", "mandatRef": "PM843626", "parDelegation": "false", "numPlace": "560"}, {"acteurRef": "PA841657", "mandatRef": "PM843224", "parDelegation": "false", "numPlace": "518"}, {"acteurRef": "PA720430", "mandatRef": "PM843092", "parDelegation": "false", "numPlace": "601"}, {"acteurRef": "PA793772", "mandatRef": "PM842708", "parDelegation": "false", "numPlace": "557"}, {"acteurRef": "PA795616", "mandatRef": "PM840462", "parDelegation": "false", "numPlace": "604"}, {"acteurRef": "PA793444", "mandatRef": "PM840270", "parDelegation": "false", "numPlace": "539"}, {"acteurRef": "PA794938", "mandatRef": "PM843308", "parDelegation": "true", "numPlace": "619"}, {"acteurRef": "PA795318", "mandatRef": "PM843689", "parDelegation": "false", "numPlace": "630"}, {"acteurRef": "PA841023", "mandatRef": "PM842645", "parDelegation": "false", "numPlace": "570"}, {"acteurRef": "PA796090", "mandatRef": "PM840372", "parDelegation": "true", "numPlace": "528"}, {"acteurRef": "PA793912", "mandatRef": "PM842795", "parDelegation": "false", "numPlace": "621"}, {"acteurRef": "PA842187", "mandatRef": "PM843704", "parDelegation": "false", "numPlace": "595"}, {"acteurRef": "PA842037", "mandatRef": "PM843578", "parDelegation": "false", "numPlace": "620"}, {"acteurRef": "PA791812", "mandatRef": "PM840384", "parDelegation": "false", "numPlace": "527"}, {"acteurRef": "PA793736", "mandatRef": "PM842693", "parDelegation": "false", "numPlace": "636"}, {"acteurRef": "PA721202", "mandatRef": "PM840435", "parDelegation": "false", "numPlace": "549"}, {"acteurRef": "PA795136", "mandatRef": "PM843353", "parDelegation": "false", "numPlace": "599"}, {"acteurRef": "PA793464", "mandatRef": "PM840273", "parDelegation": "false", "numPlace": "606"}, {"acteurRef": "PA842155", "mandatRef": "PM843674", "parDelegation": "false", "numPlace": "616"}, {"acteurRef": "PA795200", "mandatRef": "PM843386", "parDelegation": "false", "numPlace": "536"}, {"acteurRef": "PA795844", "mandatRef": "PM843515", "parDelegation": "false", "numPlace": "546"}, {"acteurRef": "PA841251", "mandatRef": "PM842837", "parDelegation": "false", "numPlace": "629"}, {"acteurRef": "PA794786", "mandatRef": "PM843242", "parDelegation": "false", "numPlace": "547"}, {"acteurRef": "PA794870", "mandatRef": "PM843185", "parDelegation": "false", "numPlace": "624"}, {"acteurRef": "PA796070", "mandatRef": "PM843746", "parDelegation": "false", "numPlace": "638"}, {"acteurRef": "PA841845", "mandatRef": "PM843407", "parDelegation": "false", "numPlace": "648"}, {"acteurRef": "PA795982", "mandatRef": "PM840432", "parDelegation": "false", "numPlace": "558"}, {"acteurRef": "PA795466", "mandatRef": "PM843443", "parDelegation": "false", "numPlace": "572"}, {"acteurRef": "PA793744", "mandatRef": "PM842696", "parDelegation": "true", "numPlace": "561"}, {"acteurRef": "PA720952", "mandatRef": "PM843755", "parDelegation": "true", "numPlace": "574"}, {"acteurRef": "PA794106", "mandatRef": "PM842885", "parDelegation": "false", "numPlace": "609"}, {"acteurRef": "PA794166", "mandatRef": "PM842924", "parDelegation": "false", "numPlace": "603"}, {"acteurRef": "PA795164", "mandatRef": "PM840444", "parDelegation": "false", "numPlace": "618"}, {"acteurRef": "PA795596", "mandatRef": "PM840456", "parDelegation": "false", "numPlace": "573"}, {"acteurRef": "PA795310", "mandatRef": "PM840453", "parDelegation": "false", "numPlace": "634"}, {"acteurRef": "PA794478", "mandatRef": "PM843107", "parDelegation": "false", "numPlace": "625"}, {"acteurRef": "PA841947", "mandatRef": "PM843503", "parDelegation": "false", "numPlace": "559"}, {"acteurRef": "PA794082", "mandatRef": "PM842810", "parDelegation": "false", "numPlace": "611"}, {"acteurRef": "PA794130", "mandatRef": "PM840297", "parDelegation": "true", "numPlace": "537"}, {"acteurRef": "PA720846", "mandatRef": "PM840441", "parDelegation": "false", "numPlace": "614"}, {"acteurRef": "PA841729", "mandatRef": "PM843287", "parDelegation": "false", "numPlace": "519"}, {"acteurRef": "PA795516", "mandatRef": "PM843452", "parDelegation": "false", "numPlace": "596"}, {"acteurRef": "PA841515", "mandatRef": "PM843089", "parDelegation": "false", "numPlace": "594"}, {"acteurRef": "PA795672", "mandatRef": "PM843752", "parDelegation": "false", "numPlace": "612"}, {"acteurRef": "PA795746", "mandatRef": "PM843584", "parDelegation": "false", "numPlace": "645"}, {"acteurRef": "PA795108", "mandatRef": "PM843338", "parDelegation": "false", "numPlace": "538"}, {"acteurRef": "PA795298", "mandatRef": "PM843683", "parDelegation": "false", "numPlace": "649"}, {"acteurRef": "PA791824", "mandatRef": "PM840375", "parDelegation": "false", "numPlace": "602"}, {"acteurRef": "PA842029", "mandatRef": "PM843575", "parDelegation": "false", "numPlace": "607"}, {"acteurRef": "PA793532", "mandatRef": "PM842591", "parDelegation": "false", "numPlace": "650"}, {"acteurRef": "PA342384", "mandatRef": "PM842771", "parDelegation": "false", "numPlace": "637"}, {"acteurRef": "PA795422", "mandatRef": "PM843599", "parDelegation": "true", "numPlace": "644"}, {"acteurRef": "PA794686", "mandatRef": "PM843080", "parDelegation": "true", "numPlace": "628"}, {"acteurRef": "PA841215", "mandatRef": "PM842801", "parDelegation": "false", "numPlace": "597"}, {"acteurRef": "PA795482", "mandatRef": "PM843605", "parDelegation": "false", "numPlace": "642"}, {"acteurRef": "PA610654", "mandatRef": "PM843719", "parDelegation": "true", "numPlace": "632"}, {"acteurRef": "PA841191", "mandatRef": "PM842789", "parDelegation": "false", "numPlace": "639"}, {"acteurRef": "PA721960", "mandatRef": "PM840378", "parDelegation": "true", "numPlace": "600"}, {"acteurRef": "PA793872", "mandatRef": "PM840285", "parDelegation": "false", "numPlace": "548"}, {"acteurRef": "PA720892", "mandatRef": "PM840420", "parDelegation": "false", "numPlace": "623"}, {"acteurRef": "PA817211", "mandatRef": "PM842600", "parDelegation": "false", "numPlace": "520"}, {"acteurRef": "PA793756", "mandatRef": "PM840282", "parDelegation": "false", "numPlace": "555"}, {"acteurRef": "PA796062", "mandatRef": "PM843668", "parDelegation": "true", "numPlace": "633"}, {"acteurRef": "PA719578", "mandatRef": "PM842618", "parDelegation": "false", "numPlace": "626"}, {"acteurRef": "PA721062", "mandatRef": "PM843740", "parDelegation": "true", "numPlace": "615"}]}, "contres": null, "abstentions": null}}}, {"organeRef": "PO845419", "nombreMembresGroupe": "66", "vote": {"positionMajoritaire": "pour", "decompteVoix": {"nonVotants": "0", "pour": "66", "contre": "0", "abstentions": "0", "nonVotantsVolontaires": "0"}, "decompteNominatif": {"nonVotants": null, "pours": {"votant": [{"acteurRef": "PA840665", "mandatRef": "PM842336", "parDelegation": "true", "numPlace": "471"}, {"acteurRef": "PA642764", "mandatRef": "PM842711", "parDelegation": "false", "numPlace": "428"}, {"acteurRef": "PA643143", "mandatRef": "PM843761", "parDelegation": "false", "numPlace": "440"}, {"acteurRef": "PA840829", "mandatRef": "PM842492", "parDelegation": "false", "numPlace": "567"}, {"acteurRef": "PA342415", "mandatRef": "PM842774", "parDelegation": "false", "numPlace": "442"}, {"acteurRef": "PA606793", "mandatRef": "PM842759", "parDelegation": "false", "numPlace": "451"}, {"acteurRef": "PA842211", "mandatRef": "PM843716", "parDelegation": "true", "numPlace": "418"}, {"acteurRef": "PA841315", "mandatRef": "PM842906", "parDelegation": "false", "numPlace": "565"}, {"acteurRef": "PA794094", "mandatRef": "PM840291", "parDelegation": "false", "numPlace": "436"}, {"acteurRef": "PA793624", "mandatRef": "PM842564", "parDelegation": "false", "numPlace": "422"}, {"acteurRef": "PA795762", "mandatRef": "PM843767", "parDelegation": "false", "numPlace": "437"}, {"acteurRef": "PA608264", "mandatRef": "PM843179", "parDelegation": "false", "numPlace": "475"}, {"acteurRef": "PA840903", "mandatRef": "PM842543", "parDelegation": "true", "numPlace": "553"}, {"acteurRef": "PA841295", "mandatRef": "PM842882", "parDelegation": "false", "numPlace": "554"}, {"acteurRef": "PA1008", "mandatRef": "PM842621", "parDelegation": "false", "numPlace": "410"}, {"acteurRef": "PA793394", "mandatRef": "PM842486", "parDelegation": "false", "numPlace": "453"}, {"acteurRef": "PA795430", "mandatRef": "PM843602", "parDelegation": "false", "numPlace": "432"}, {"acteurRef": "PA841919", "mandatRef": "PM843479", "parDelegation": "false", "numPlace": "420"}, {"acteurRef": "PA606573", "mandatRef": "PM842732", "parDelegation": "true", "numPlace": "447"}, {"acteurRef": "PA841633", "mandatRef": "PM843182", "parDelegation": "false", "numPlace": "551"}, {"acteurRef": "PA794854", "mandatRef": "PM843263", "parDelegation": "true", "numPlace": "550"}, {"acteurRef": "PA842195", "mandatRef": "PM843707", "parDelegation": "false", "numPlace": "458"}, {"acteurRef": "PA609332", "mandatRef": "PM840396", "parDelegation": "false", "numPlace": "421"}, {"acteurRef": "PA841665", "mandatRef": "PM843227", "parDelegation": "false", "numPlace": "487"}, {"acteurRef": "PA333285", "mandatRef": "PM843038", "parDelegation": "true", "numPlace": "434"}, {"acteurRef": "PA840939", "mandatRef": "PM842567", "parDelegation": "false", "numPlace": "450"}, {"acteurRef": "PA841539", "mandatRef": "PM843119", "parDelegation": "false", "numPlace": "462"}, {"acteurRef": "PA331973", "mandatRef": "PM842624", "parDelegation": "false", "numPlace": "441"}, {"acteurRef": "PA840171", "mandatRef": "PM840360", "parDelegation": "false", "numPlace": "419"}, {"acteurRef": "PA841717", "mandatRef": "PM843278", "parDelegation": "true", "numPlace": "564"}, {"acteurRef": "PA841243", "mandatRef": "PM842825", "parDelegation": "false", "numPlace": "566"}, {"acteurRef": "PA774960", "mandatRef": "PM840417", "parDelegation": "false", "numPlace": "414"}, {"acteurRef": "PA340343", "mandatRef": "PM842351", "parDelegation": "false", "numPlace": "412"}, {"acteurRef": "PA841091", "mandatRef": "PM842705", "parDelegation": "false", "numPlace": "473"}, {"acteurRef": "PA841681", "mandatRef": "PM843245", "parDelegation": "true", "numPlace": "457"}, {"acteurRef": "PA841893", "mandatRef": "PM843449", "parDelegation": "false", "numPlace": "552"}, {"acteurRef": "PA793816", "mandatRef": "PM842657", "parDelegation": "false", "numPlace": "433"}, {"acteurRef": "PA719930", "mandatRef": "PM842870", "parDelegation": "true", "numPlace": "427"}, {"acteurRef": "PA794494", "mandatRef": "PM843116", "parDelegation": "true", "numPlace": "439"}, {"acteurRef": "PA720992", "mandatRef": "PM843710", "parDelegation": "true", "numPlace": "448"}, {"acteurRef": "PA1567", "mandatRef": "PM843572", "parDelegation": "false", "numPlace": "417"}, {"acteurRef": "PA841471", "mandatRef": "PM843050", "parDelegation": "false", "numPlace": "569"}, {"acteurRef": "PA842263", "mandatRef": "PM843773", "parDelegation": "false", "numPlace": "423"}, {"acteurRef": "PA841813", "mandatRef": "PM843377", "parDelegation": "false", "numPlace": "461"}, {"acteurRef": "PA841853", "mandatRef": "PM843413", "parDelegation": "false", "numPlace": "430"}, {"acteurRef": "PA1654", "mandatRef": "PM842510", "parDelegation": "false", "numPlace": "424"}, {"acteurRef": "PA643192", "mandatRef": "PM843152", "parDelegation": "false", "numPlace": "409"}, {"acteurRef": "PA335054", "mandatRef": "PM843332", "parDelegation": "true", "numPlace": "411"}, {"acteurRef": "PA795156", "mandatRef": "PM843680", "parDelegation": "false", "numPlace": "416"}, {"acteurRef": "PA774958", "mandatRef": "PM843389", "parDelegation": "false", "numPlace": "415"}, {"acteurRef": "PA840765", "mandatRef": "PM842447", "parDelegation": "false", "numPlace": "445"}, {"acteurRef": "PA841463", "mandatRef": "PM843047", "parDelegation": "false", "numPlace": "568"}, {"acteurRef": "PA643157", "mandatRef": "PM843728", "parDelegation": "true", "numPlace": "429"}, {"acteurRef": "PA841107", "mandatRef": "PM842717", "parDelegation": "false", "numPlace": "474"}, {"acteurRef": "PA841381", "mandatRef": "PM842966", "parDelegation": "true", "numPlace": "463"}, {"acteurRef": "PA840793", "mandatRef": "PM842468", "parDelegation": "false", "numPlace": "446"}, {"acteurRef": "PA794270", "mandatRef": "PM842972", "parDelegation": "false", "numPlace": "452"}, {"acteurRef": "PA608172", "mandatRef": "PM843083", "parDelegation": "false", "numPlace": "426"}, {"acteurRef": "PA607553", "mandatRef": "PM843059", "parDelegation": "false", "numPlace": "413"}, {"acteurRef": "PA840955", "mandatRef": "PM842573", "parDelegation": "false", "numPlace": "444"}, {"acteurRef": "PA841367", "mandatRef": "PM842954", "parDelegation": "false", "numPlace": "488"}, {"acteurRef": "PA341981", "mandatRef": "PM842822", "parDelegation": "false", "numPlace": "438"}, {"acteurRef": "PA840673", "mandatRef": "PM842339", "parDelegation": "false", "numPlace": "472"}, {"acteurRef": "PA342196", "mandatRef": "PM842807", "parDelegation": "true", "numPlace": "431"}, {"acteurRef": "PA826635", "mandatRef": "PM843473", "parDelegation": "true", "numPlace": "425"}, {"acteurRef": "PA841327", "mandatRef": "PM842915", "parDelegation": "true", "numPlace": "460"}]}, "contres": null, "abstentions": null}}}, {"organeRef": "PO845425", "nombreMembresGroupe": "47", "vote": {"positionMajoritaire": "contre", "decompteVoix": {"nonVotants": "0", "pour": "0", "contre": "47", "abstentions": "0", "nonVotantsVolontaires": "0"}, "decompteNominatif": {"nonVotants": null, "pours": null, "contres": {"votant": [{"acteurRef": "PA642847", "mandatRef": "PM843056", "parDelegation": "false", "numPlace": "165"}, {"acteurRef": "PA718884", "mandatRef": "PM842420", "parDelegation": "true", "numPlace": "199"}, {"acteurRef": "PA408578", "mandatRef": "PM843662", "parDelegation": "true", "numPlace": "209"}, {"acteurRef": "PA774954", "mandatRef": "PM842843", "parDelegation": "false", "numPlace": "183"}, {"acteurRef": "PA719968", "mandatRef": "PM842891", "parDelegation": "false", "numPlace": "210"}, {"acteurRef": "PA721410", "mandatRef": "PM843350", "parDelegation": "false", "numPlace": "174"}, {"acteurRef": "PA266793", "mandatRef": "PM842402", "parDelegation": "false", "numPlace": "163"}, {"acteurRef": "PA721816", "mandatRef": "PM843551", "parDelegation": "false", "numPlace": "180"}, {"acteurRef": "PA342240", "mandatRef": "PM842819", "parDelegation": "false", "numPlace": "192"}, {"acteurRef": "PA330008", "mandatRef": "PM842366", "parDelegation": "false", "numPlace": "171"}, {"acteurRef": "PA793508", "mandatRef": "PM842576", "parDelegation": "false", "numPlace": "195"}, {"acteurRef": "PA718838", "mandatRef": "PM842405", "parDelegation": "true", "numPlace": "187"}, {"acteurRef": "PA841047", "mandatRef": "PM842675", "parDelegation": "false", "numPlace": "203"}, {"acteurRef": "PA718850", "mandatRef": "PM842411", "parDelegation": "false", "numPlace": "166"}, {"acteurRef": "PA722390", "mandatRef": "PM843317", "parDelegation": "false", "numPlace": "181"}, {"acteurRef": "PA332523", "mandatRef": "PM842858", "parDelegation": "false", "numPlace": "168"}, {"acteurRef": "PA330909", "mandatRef": "PM842399", "parDelegation": "false", "numPlace": "170"}, {"acteurRef": "PA720386", "mandatRef": "PM843020", "parDelegation": "false", "numPlace": "167"}, {"acteurRef": "PA712015", "mandatRef": "PM842381", "parDelegation": "false", "numPlace": "196"}, {"acteurRef": "PA608826", "mandatRef": "PM843365", "parDelegation": "false", "numPlace": "185"}, {"acteurRef": "PA1327", "mandatRef": "PM842747", "parDelegation": "false", "numPlace": "162"}, {"acteurRef": "PA266797", "mandatRef": "PM843071", "parDelegation": "false", "numPlace": "169"}, {"acteurRef": "PA267794", "mandatRef": "PM842348", "parDelegation": "false", "numPlace": "179"}, {"acteurRef": "PA794178", "mandatRef": "PM842897", "parDelegation": "false", "numPlace": "190"}, {"acteurRef": "PA794118", "mandatRef": "PM842894", "parDelegation": "true", "numPlace": "176"}, {"acteurRef": "PA607090", "mandatRef": "PM842903", "parDelegation": "false", "numPlace": "188"}, {"acteurRef": "PA267285", "mandatRef": "PM842900", "parDelegation": "false", "numPlace": "178"}, {"acteurRef": "PA642725", "mandatRef": "PM849129", "parDelegation": "false", "numPlace": "205"}, {"acteurRef": "PA722328", "mandatRef": "PM849127", "parDelegation": "false", "numPlace": "164"}, {"acteurRef": "PA841745", "mandatRef": "PM849125", "parDelegation": "false", "numPlace": "193"}, {"acteurRef": "PA841869", "mandatRef": "PM849656", "parDelegation": "false", "numPlace": "206"}, {"acteurRef": "PA794058", "mandatRef": "PM842861", "parDelegation": "false", "numPlace": "177"}, {"acteurRef": "PA1630", "mandatRef": "PM843638", "parDelegation": "false", "numPlace": "175"}, {"acteurRef": "PA842117", "mandatRef": "PM843635", "parDelegation": "false", "numPlace": "184"}, {"acteurRef": "PA346782", "mandatRef": "PM840426", "parDelegation": "false", "numPlace": "172"}, {"acteurRef": "PA840979", "mandatRef": "PM842588", "parDelegation": "false", "numPlace": "211"}, {"acteurRef": "PA695512", "mandatRef": "PM842963", "parDelegation": "false", "numPlace": "207"}, {"acteurRef": "PA608016", "mandatRef": "PM843155", "parDelegation": "false", "numPlace": "173"}, {"acteurRef": "PA606098", "mandatRef": "PM842633", "parDelegation": "false", "numPlace": "182"}, {"acteurRef": "PA793342", "mandatRef": "PM842345", "parDelegation": "true", "numPlace": "204"}, {"acteurRef": "PA719272", "mandatRef": "PM842513", "parDelegation": "false", "numPlace": "198"}, {"acteurRef": "PA794038", "mandatRef": "PM842783", "parDelegation": "false", "numPlace": "186"}, {"acteurRef": "PA720644", "mandatRef": "PM843158", "parDelegation": "false", "numPlace": "200"}, {"acteurRef": "PA718784", "mandatRef": "PM842342", "parDelegation": "false", "numPlace": "191"}, {"acteurRef": "PA721442", "mandatRef": "PM843362", "parDelegation": "true", "numPlace": "197"}, {"acteurRef": "PA793094", "mandatRef": "PM842327", "parDelegation": "false", "numPlace": "189"}, {"acteurRef": "PA266808", "mandatRef": "PM843347", "parDelegation": "false", "numPlace": "201"}]}, "abstentions": null}}}, {"organeRef": "PO845439", "nombreMembresGroupe": "38", "vote": {"positionMajoritaire": "pour", "decompteVoix": {"nonVotants": "0", "pour": "37", "contre": "0", "abstentions": "1", "nonVotantsVolontaires": "1"}, "decompteNominatif": {"nonVotants": null, "pours": {"votant": [{"acteurRef": "PA610968", "mandatRef": "PM840381", "parDelegation": "true", "numPlace": "516"}, {"acteurRef": "PA793780", "mandatRef": "PM842714", "parDelegation": "false", "numPlace": "517"}, {"acteurRef": "PA588884", "mandatRef": "PM840450", "parDelegation": "false", "numPlace": "510"}, {"acteurRef": "PA841701", "mandatRef": "PM843269", "parDelegation": "true", "numPlace": "523"}, {"acteurRef": "PA795362", "mandatRef": "PM843587", "parDelegation": "false", "numPlace": "532"}, {"acteurRef": "PA795454", "mandatRef": "PM843821", "parDelegation": "false", "numPlace": "542"}, {"acteurRef": "PA840997", "mandatRef": "PM842612", "parDelegation": "false", "numPlace": "533"}, {"acteurRef": "PA841885", "mandatRef": "PM843446", "parDelegation": "false", "numPlace": "534"}, {"acteurRef": "PA841507", "mandatRef": "PM843086", "parDelegation": "false", "numPlace": "500"}, {"acteurRef": "PA794008", "mandatRef": "PM842768", "parDelegation": "false", "numPlace": "515"}, {"acteurRef": "PA721210", "mandatRef": "PM843677", "parDelegation": "false", "numPlace": "497"}, {"acteurRef": "PA793452", "mandatRef": "PM842453", "parDelegation": "false", "numPlace": "524"}, {"acteurRef": "PA841351", "mandatRef": "PM842936", "parDelegation": "false", "numPlace": "543"}, {"acteurRef": "PA793980", "mandatRef": "PM842750", "parDelegation": "false", "numPlace": "530"}, {"acteurRef": "PA795010", "mandatRef": "PM840354", "parDelegation": "false", "numPlace": "507"}, {"acteurRef": "PA841419", "mandatRef": "PM843005", "parDelegation": "false", "numPlace": "496"}, {"acteurRef": "PA722142", "mandatRef": "PM843500", "parDelegation": "true", "numPlace": "505"}, {"acteurRef": "PA610002", "mandatRef": "PM840363", "parDelegation": "false", "numPlace": "512"}, {"acteurRef": "PA795808", "mandatRef": "PM843644", "parDelegation": "true", "numPlace": "499"}, {"acteurRef": "PA796018", "mandatRef": "PM843425", "parDelegation": "true", "numPlace": "502"}, {"acteurRef": "PA736201", "mandatRef": "PM840423", "parDelegation": "true", "numPlace": "494"}, {"acteurRef": "PA841713", "mandatRef": "PM843275", "parDelegation": "false", "numPlace": "540"}, {"acteurRef": "PA793948", "mandatRef": "PM842615", "parDelegation": "false", "numPlace": "503"}, {"acteurRef": "PA2940", "mandatRef": "PM842531", "parDelegation": "true", "numPlace": "495"}, {"acteurRef": "PA842013", "mandatRef": "PM843563", "parDelegation": "false", "numPlace": "541"}, {"acteurRef": "PA840947", "mandatRef": "PM842570", "parDelegation": "false", "numPlace": "531"}, {"acteurRef": "PA794022", "mandatRef": "PM842777", "parDelegation": "false", "numPlace": "509"}, {"acteurRef": "PA794146", "mandatRef": "PM842912", "parDelegation": "false", "numPlace": "511"}, {"acteurRef": "PA841223", "mandatRef": "PM842804", "parDelegation": "false", "numPlace": "525"}, {"acteurRef": "PA795636", "mandatRef": "PM843476", "parDelegation": "false", "numPlace": "514"}, {"acteurRef": "PA842045", "mandatRef": "PM843581", "parDelegation": "false", "numPlace": "506"}, {"acteurRef": "PA793708", "mandatRef": "PM842525", "parDelegation": "false", "numPlace": "491"}, {"acteurRef": "PA793664", "mandatRef": "PM842549", "parDelegation": "true", "numPlace": "522"}, {"acteurRef": "PA794154", "mandatRef": "PM842918", "parDelegation": "false", "numPlace": "498"}, {"acteurRef": "PA794778", "mandatRef": "PM843239", "parDelegation": "false", "numPlace": "501"}, {"acteurRef": "PA606545", "mandatRef": "PM842729", "parDelegation": "false", "numPlace": "513"}, {"acteurRef": "PA795076", "mandatRef": "PM840366", "parDelegation": "false", "numPlace": "508"}]}, "contres": null, "abstentions": {"votant": {"acteurRef": "PA335999", "mandatRef": "PM843494", "parDelegation": "false", "numPlace": "504"}}}}}, {"organeRef": "PO845454", "nombreMembresGroupe": "36", "vote": {"positionMajoritaire": "contre", "decompteVoix": {"nonVotants": "0", "pour": "0", "contre": "36", "abstentions": "0", "nonVotantsVolontaires": "0"}, "decompteNominatif": {"nonVotants": null, "pours": null, "contres": {"votant": [{"acteurRef": "PA793716", "mandatRef": "PM842528", "parDelegation": "false", "numPlace": "329"}, {"acteurRef": "PA720720", "mandatRef": "PM843254", "parDelegation": "true", "numPlace": "330"}, {"acteurRef": "PA719640", "mandatRef": "PM842831", "parDelegation": "true", "numPlace": "331"}, {"acteurRef": "PA794114", "mandatRef": "PM842888", "parDelegation": "false", "numPlace": "332"}, {"acteurRef": "PA719558", "mandatRef": "PM842663", "parDelegation": "false", "numPlace": "333"}, {"acteurRef": "PA719822", "mandatRef": "PM842762", "parDelegation": "false", "numPlace": "334"}, {"acteurRef": "PA794810", "mandatRef": "PM843194", "parDelegation": "false", "numPlace": "335"}, {"acteurRef": "PA605694", "mandatRef": "PM842609", "parDelegation": "false", "numPlace": "336"}, {"acteurRef": "PA331582", "mandatRef": "PM842639", "parDelegation": "false", "numPlace": "337"}, {"acteurRef": "PA720560", "mandatRef": "PM843032", "parDelegation": "false", "numPlace": "338"}, {"acteurRef": "PA720728", "mandatRef": "PM843257", "parDelegation": "false", "numPlace": "339"}, {"acteurRef": "PA794702", "mandatRef": "PM843248", "parDelegation": "false", "numPlace": "340"}, {"acteurRef": "PA795374", "mandatRef": "PM843593", "parDelegation": "false", "numPlace": "341"}, {"acteurRef": "PA719938", "mandatRef": "PM842873", "parDelegation": "false", "numPlace": "342"}, {"acteurRef": "PA721336", "mandatRef": "PM843281", "parDelegation": "false", "numPlace": "343"}, {"acteurRef": "PA719024", "mandatRef": "PM842390", "parDelegation": "false", "numPlace": "344"}, {"acteurRef": "PA721182", "mandatRef": "PM843815", "parDelegation": "false", "numPlace": "345"}, {"acteurRef": "PA720038", "mandatRef": "PM842921", "parDelegation": "true", "numPlace": "346"}, {"acteurRef": "PA267318", "mandatRef": "PM843341", "parDelegation": "false", "numPlace": "347"}, {"acteurRef": "PA795258", "mandatRef": "PM843794", "parDelegation": "false", "numPlace": "348"}, {"acteurRef": "PA720162", "mandatRef": "PM843068", "parDelegation": "false", "numPlace": "349"}, {"acteurRef": "PA720092", "mandatRef": "PM842948", "parDelegation": "false", "numPlace": "350"}, {"acteurRef": "PA795100", "mandatRef": "PM843335", "parDelegation": "false", "numPlace": "351"}, {"acteurRef": "PA721234", "mandatRef": "PM843692", "parDelegation": "false", "numPlace": "352"}, {"acteurRef": "PA722374", "mandatRef": "PM843302", "parDelegation": "false", "numPlace": "353"}, {"acteurRef": "PA722162", "mandatRef": "PM843596", "parDelegation": "false", "numPlace": "354"}, {"acteurRef": "PA794830", "mandatRef": "PM843209", "parDelegation": "false", "numPlace": "356"}, {"acteurRef": "PA793122", "mandatRef": "PM842369", "parDelegation": "false", "numPlace": "357"}, {"acteurRef": "PA805166", "mandatRef": "PM849145", "parDelegation": "false", "numPlace": "358"}, {"acteurRef": "PA721984", "mandatRef": "PM843536", "parDelegation": "true", "numPlace": "359"}, {"acteurRef": "PA795124", "mandatRef": "PM849143", "parDelegation": "false", "numPlace": "360"}, {"acteurRef": "PA719918", "mandatRef": "PM849155", "parDelegation": "true", "numPlace": "361"}, {"acteurRef": "PA722284", "mandatRef": "PM843221", "parDelegation": "false", "numPlace": "362"}, {"acteurRef": "PA720256", "mandatRef": "PM843041", "parDelegation": "false", "numPlace": "371"}, {"acteurRef": "PA793520", "mandatRef": "PM842582", "parDelegation": "false", "numPlace": "372"}, {"acteurRef": "PA720334", "mandatRef": "PM842996", "parDelegation": "false", "numPlace": "373"}]}, "abstentions": null}}}, {"organeRef": "PO845470", "nombreMembresGroupe": "34", "vote": {"positionMajoritaire": "contre", "decompteVoix": {"nonVotants": "0", "pour": "0", "contre": "34", "abstentions": "0", "nonVotantsVolontaires": "0"}, "decompteNominatif": {"nonVotants": null, "pours": null, "contres": {"votant": [{"acteurRef": "PA332228", "mandatRef": "PM842816", "parDelegation": "false", "numPlace": "213"}, {"acteurRef": "PA722336", "mandatRef": "PM843203", "parDelegation": "false", "numPlace": "214"}, {"acteurRef": "PA794426", "mandatRef": "PM842993", "parDelegation": "true", "numPlace": "215"}, {"acteurRef": "PA794278", "mandatRef": "PM842975", "parDelegation": "false", "numPlace": "216"}, {"acteurRef": "PA795350", "mandatRef": "PM843410", "parDelegation": "false", "numPlace": "217"}, {"acteurRef": "PA795278", "mandatRef": "PM843539", "parDelegation": "false", "numPlace": "219"}, {"acteurRef": "PA687214", "mandatRef": "PM843686", "parDelegation": "false", "numPlace": "220"}, {"acteurRef": "PA720908", "mandatRef": "PM843701", "parDelegation": "false", "numPlace": "221"}, {"acteurRef": "PA605782", "mandatRef": "PM842666", "parDelegation": "false", "numPlace": "222"}, {"acteurRef": "PA795026", "mandatRef": "PM843368", "parDelegation": "false", "numPlace": "223"}, {"acteurRef": "PA793572", "mandatRef": "PM842498", "parDelegation": "true", "numPlace": "224"}, {"acteurRef": "PA794470", "mandatRef": "PM843104", "parDelegation": "false", "numPlace": "225"}, {"acteurRef": "PA719052", "mandatRef": "PM842507", "parDelegation": "false", "numPlace": "226"}, {"acteurRef": "PA720138", "mandatRef": "PM842846", "parDelegation": "true", "numPlace": "227"}, {"acteurRef": "PA842125", "mandatRef": "PM843641", "parDelegation": "false", "numPlace": "228"}, {"acteurRef": "PA841013", "mandatRef": "PM849137", "parDelegation": "false", "numPlace": "230"}, {"acteurRef": "PA794234", "mandatRef": "PM842969", "parDelegation": "false", "numPlace": "231"}, {"acteurRef": "PA720552", "mandatRef": "PM843029", "parDelegation": "false", "numPlace": "232"}, {"acteurRef": "PA719778", "mandatRef": "PM842744", "parDelegation": "false", "numPlace": "233"}, {"acteurRef": "PA267780", "mandatRef": "PM843395", "parDelegation": "false", "numPlace": "234"}, {"acteurRef": "PA841339", "mandatRef": "PM842927", "parDelegation": "false", "numPlace": "235"}, {"acteurRef": "PA721844", "mandatRef": "PM843461", "parDelegation": "false", "numPlace": "236"}, {"acteurRef": "PA719528", "mandatRef": "PM842702", "parDelegation": "false", "numPlace": "237"}, {"acteurRef": "PA720230", "mandatRef": "PM842984", "parDelegation": "false", "numPlace": "238"}, {"acteurRef": "PA722070", "mandatRef": "PM843548", "parDelegation": "false", "numPlace": "239"}, {"acteurRef": "PA793398", "mandatRef": "PM842489", "parDelegation": "true", "numPlace": "240"}, {"acteurRef": "PA719032", "mandatRef": "PM842393", "parDelegation": "true", "numPlace": "241"}, {"acteurRef": "PA794838", "mandatRef": "PM843212", "parDelegation": "false", "numPlace": "242"}, {"acteurRef": "PA841431", "mandatRef": "PM843017", "parDelegation": "false", "numPlace": "243"}, {"acteurRef": "PA793992", "mandatRef": "PM842756", "parDelegation": "false", "numPlace": "244"}, {"acteurRef": "PA794466", "mandatRef": "PM849654", "parDelegation": "false", "numPlace": "245"}, {"acteurRef": "PA721458", "mandatRef": "PM843371", "parDelegation": "false", "numPlace": "317"}, {"acteurRef": "PA841833", "mandatRef": "PM849123", "parDelegation": "false", "numPlace": "318"}, {"acteurRef": "PA794518", "mandatRef": "PM849133", "parDelegation": "false", "numPlace": "319"}]}, "abstentions": null}}}, {"organeRef": "PO845485", "nombreMembresGroupe": "23", "vote": {"positionMajoritaire": "contre", "decompteVoix": {"nonVotants": "0", "pour": "0", "contre": "12", "abstentions": "11", "nonVotantsVolontaires": "11"}, "decompteNominatif": {"nonVotants": null, "pours": null, "contres": {"votant": [{"acteurRef": "PA796078", "mandatRef": "PM840459", "parDelegation": "false", "numPlace": "382"}, {"acteurRef": "PA942", "mandatRef": "PM842987", "parDelegation": "false", "numPlace": "383"}, {"acteurRef": "PA840817", "mandatRef": "PM842483", "parDelegation": "false", "numPlace": "393"}, {"acteurRef": "PA841931", "mandatRef": "PM843485", "parDelegation": "false", "numPlace": "394"}, {"acteurRef": "PA794554", "mandatRef": "PM849147", "parDelegation": "false", "numPlace": "395"}, {"acteurRef": "PA721474", "mandatRef": "PM843608", "parDelegation": "true", "numPlace": "406"}, {"acteurRef": "PA721486", "mandatRef": "PM843614", "parDelegation": "false", "numPlace": "407"}, {"acteurRef": "PA267042", "mandatRef": "PM843044", "parDelegation": "false", "numPlace": "454"}, {"acteurRef": "PA841359", "mandatRef": "PM842939", "parDelegation": "false", "numPlace": "478"}, {"acteurRef": "PA267763", "mandatRef": "PM843125", "parDelegation": "false", "numPlace": "479"}, {"acteurRef": "PA2952", "mandatRef": "PM842414", "parDelegation": "true", "numPlace": "481"}, {"acteurRef": "PA721110", "mandatRef": "PM843782", "parDelegation": "true", "numPlace": "482"}]}, "abstentions": {"votant": [{"acteurRef": "PA1592", "mandatRef": "PM843260", "parDelegation": "false", "numPlace": "455"}, {"acteurRef": "PA793210", "mandatRef": "PM842417", "parDelegation": "false", "numPlace": "456"}, {"acteurRef": "PA795244", "mandatRef": "PM843749", "parDelegation": "false", "numPlace": "464"}, {"acteurRef": "PA822617", "mandatRef": "PM840264", "parDelegation": "false", "numPlace": "465"}, {"acteurRef": "PA607619", "mandatRef": "PM843002", "parDelegation": "false", "numPlace": "466"}, {"acteurRef": "PA719138", "mandatRef": "PM842672", "parDelegation": "false", "numPlace": "467"}, {"acteurRef": "PA719286", "mandatRef": "PM842669", "parDelegation": "true", "numPlace": "468"}, {"acteurRef": "PA720960", "mandatRef": "PM843758", "parDelegation": "true", "numPlace": "469"}, {"acteurRef": "PA841017", "mandatRef": "PM842636", "parDelegation": "false", "numPlace": "480"}, {"acteurRef": "PA720976", "mandatRef": "PM843764", "parDelegation": "false", "numPlace": "483"}, {"acteurRef": "PA793796", "mandatRef": "PM842723", "parDelegation": "false", "numPlace": "484"}]}}}}, {"organeRef": "PO845514", "nombreMembresGroupe": "17", "vote": {"positionMajoritaire": "pour", "decompteVoix": {"nonVotants": "0", "pour": "17", "contre": "0", "abstentions": "0", "nonVotantsVolontaires": "0"}, "decompteNominatif": {"nonVotants": null, "pours": {"votant": [{"acteurRef": "PA774962", "mandatRef": "PM843731", "parDelegation": "true", "numPlace": "576"}, {"acteurRef": "PA796010", "mandatRef": "PM843743", "parDelegation": "false", "numPlace": "577"}, {"acteurRef": "PA795998", "mandatRef": "PM843737", "parDelegation": "false", "numPlace": "578"}, {"acteurRef": "PA795240", "mandatRef": "PM843785", "parDelegation": "false", "numPlace": "580"}, {"acteurRef": "PA795820", "mandatRef": "PM843713", "parDelegation": "true", "numPlace": "581"}, {"acteurRef": "PA842299", "mandatRef": "PM843791", "parDelegation": "true", "numPlace": "582"}, {"acteurRef": "PA721270", "mandatRef": "PM840438", "parDelegation": "false", "numPlace": "583"}, {"acteurRef": "PA842271", "mandatRef": "PM843776", "parDelegation": "false", "numPlace": "584"}, {"acteurRef": "PA796106", "mandatRef": "PM843383", "parDelegation": "true", "numPlace": "585"}, {"acteurRef": "PA335612", "mandatRef": "PM843398", "parDelegation": "false", "numPlace": "586"}, {"acteurRef": "PA267306", "mandatRef": "PM843251", "parDelegation": "false", "numPlace": "587"}, {"acteurRef": "PA793174", "mandatRef": "PM842384", "parDelegation": "false", "numPlace": "588"}, {"acteurRef": "PA720838", "mandatRef": "PM843671", "parDelegation": "false", "numPlace": "589"}, {"acteurRef": "PA795876", "mandatRef": "PM843725", "parDelegation": "false", "numPlace": "590"}, {"acteurRef": "PA795868", "mandatRef": "PM843722", "parDelegation": "false", "numPlace": "591"}, {"acteurRef": "PA605745", "mandatRef": "PM842504", "parDelegation": "false", "numPlace": "592"}, {"acteurRef": "PA721896", "mandatRef": "PM840405", "parDelegation": "false", "numPlace": "593"}]}, "contres": null, "abstentions": null}}}, {"organeRef": "PO847173", "nombreMembresGroupe": "16", "vote": {"positionMajoritaire": "contre", "decompteVoix": {"nonVotants": "0", "pour": "0", "contre": "16", "abstentions": "0", "nonVotantsVolontaires": "0"}, "decompteNominatif": {"nonVotants": null, "pours": null, "contres": {"votant": [{"acteurRef": "PA840701", "mandatRef": "PM842363", "parDelegation": "false", "numPlace": "087"}, {"acteurRef": "PA840809", "mandatRef": "PM842474", "parDelegation": "false", "numPlace": "088"}, {"acteurRef": "PA840889", "mandatRef": "PM842534", "parDelegation": "false", "numPlace": "091"}, {"acteurRef": "PA840657", "mandatRef": "PM842333", "parDelegation": "true", "numPlace": "092"}, {"acteurRef": "PA793322", "mandatRef": "PM840246", "parDelegation": "false", "numPlace": "093"}, {"acteurRef": "PA841769", "mandatRef": "PM843323", "parDelegation": "false", "numPlace": "096"}, {"acteurRef": "PA841183", "mandatRef": "PM842786", "parDelegation": "false", "numPlace": "097"}, {"acteurRef": "PA267561", "mandatRef": "PM843521", "parDelegation": "true", "numPlace": "098"}, {"acteurRef": "PA330240", "mandatRef": "PM842357", "parDelegation": "false", "numPlace": "099"}, {"acteurRef": "PA840773", "mandatRef": "PM842456", "parDelegation": "false", "numPlace": "103"}, {"acteurRef": "PA840721", "mandatRef": "PM842378", "parDelegation": "false", "numPlace": "104"}, {"acteurRef": "PA840685", "mandatRef": "PM842354", "parDelegation": "false", "numPlace": "105"}, {"acteurRef": "PA841207", "mandatRef": "PM842798", "parDelegation": "false", "numPlace": "106"}, {"acteurRef": "PA841395", "mandatRef": "PM842981", "parDelegation": "false", "numPlace": "112"}, {"acteurRef": "PA841067", "mandatRef": "PM842687", "parDelegation": "false", "numPlace": "113"}, {"acteurRef": "PA840983", "mandatRef": "PM842597", "parDelegation": "false", "numPlace": "114"}]}, "abstentions": null}}}, {"organeRef": "PO840056", "nombreMembresGroupe": "8", "vote": {"positionMajoritaire": "contre", "decompteVoix": {"nonVotants": "0", "pour": "0", "contre": "5", "abstentions": "3", "nonVotantsVolontaires": "3"}, "decompteNominatif": {"nonVotants": null, "pours": null, "contres": {"votant": [{"acteurRef": "PA309643", "mandatRef": "PM843545", "parDelegation": "false", "numPlace": "212"}, {"acteurRef": "PA795540", "mandatRef": "PM843620", "parDelegation": "false", "numPlace": "320"}, {"acteurRef": "PA569", "mandatRef": "PM843512", "parDelegation": "true", "numPlace": "392"}, {"acteurRef": "PA720100", "mandatRef": "PM842951", "parDelegation": "false", "numPlace": "404"}, {"acteurRef": "PA721314", "mandatRef": "PM843215", "parDelegation": "false", "numPlace": "405"}]}, "abstentions": {"votant": [{"acteurRef": "PA607193", "mandatRef": "PM842930", "parDelegation": "false", "numPlace": "391"}, {"acteurRef": "PA643175", "mandatRef": "PM842840", "parDelegation": "false", "numPlace": "403"}, {"acteurRef": "PA722150", "mandatRef": "PM843590", "parDelegation": "false", "numPlace": "486"}]}}}}]}}}, "miseAuPoint": {"nonVotants": [null, null], "pours": null, "abstentions": [null, null], "nonVotantsVolontaires": [null, null], "contres": null, "dysfonctionnement": {"nonVotants": null, "pour": null, "contre": null, "abstentions": null, "nonVotantsVolontaires": null}}, "lieuVote": "H\u00e9micycle"}}