{"scrutin": {"@xmlns": "http://schemas.assemblee-nationale.fr/referentiel", "@xmlns:xsi": "http://www.w3.org/2001/XMLSchema-instance", "uid": "VTANR5L17V221", "numero": "221", "organeRef": "PO838901", "legislature": "17", "sessionRef": "SCR5A2025O1", "seanceRef": "RUANR5L17S2025IDS28703", "dateScrutin": "2024-11-04", "quantiemeJourSeance": "1", "typeVote": {"codeTypeVote": "SPO", "libelleTypeVote": "scrutin public ordinaire", "typeMajorite": "Majorit\u00e9 absolue des suffrages exprim\u00e9s"}, "sort": {"code": "rejet\u00e9", "libelle": "L'Assembl\u00e9e nationale n'a pas adopt\u00e9"}, "titre": "l'amendement n\u00b0 2307 de M. Gernigon apr\u00e8s l'article 9 du projet de loi de financement de la s\u00e9curit\u00e9 sociale pour 2025 (premi\u00e8re lecture).", "demandeur": {"texte": "Pr\u00e9sident du groupe \"Horizons & Ind\u00e9pendants\"", "referenceLegislative": null}, "objet": {"libelle": "l'amendement n\u00b0 2307 de M. Gernigon apr\u00e8s l'article 9 du projet de loi de financement de la s\u00e9curit\u00e9 sociale pour 2025 (premi\u00e8re lecture).", "dossierLegislatif": null, "referenceLegislative": null}, "modePublicationDesVotes": "DecompteNominatif", "syntheseVote": {"nombreVotants": "124", "suffragesExprimes": "117", "nbrSuffragesRequis": "59", "annonce": "L'Assembl\u00e9e nationale n'a pas adopt\u00e9", "decompte": {"nonVotants": "2", "pour": "28", "contre": "89", "abstentions": "7", "nonVotantsVolontaires": "0"}}, "ventilationVotes": {"organe": {"organeRef": "PO838901", "groupes": {"groupe": [{"organeRef": "PO845401", "nombreMembresGroupe": "125", "vote": {"positionMajoritaire": "contre", "decompteVoix": {"nonVotants": "0", "pour": "0", "contre": "36", "abstentions": "3", "nonVotantsVolontaires": "3"}, "decompteNominatif": {"nonVotants": null, "pours": null, "contres": {"votant": [{"acteurRef": "PA841495", "mandatRef": "PM843065", "parDelegation": "false", "numPlace": "010"}, {"acteurRef": "PA793238", "mandatRef": "PM842426", "parDelegation": "true", "numPlace": "073"}, {"acteurRef": "PA794434", "mandatRef": "PM842990", "parDelegation": "false", "numPlace": "084"}, {"acteurRef": "PA841645", "mandatRef": "PM843200", "parDelegation": "false", "numPlace": "054"}, {"acteurRef": "PA796042", "mandatRef": "PM843428", "parDelegation": "false", "numPlace": "017"}, {"acteurRef": "PA793844", "mandatRef": "PM842681", "parDelegation": "false", "numPlace": "135"}, {"acteurRef": "PA841131", "mandatRef": "PM842735", "parDelegation": "false", "numPlace": "124"}, {"acteurRef": "PA793548", "mandatRef": "PM842606", "parDelegation": "false", "numPlace": "023"}, {"acteurRef": "PA841613", "mandatRef": "PM843170", "parDelegation": "false", "numPlace": "144"}, {"acteurRef": "PA642988", "mandatRef": "PM840414", "parDelegation": "false", "numPlace": "095"}, {"acteurRef": "PA840119", "mandatRef": "PM840321", "parDelegation": "false", "numPlace": "024"}, {"acteurRef": "PA793166", "mandatRef": "PM840261", "parDelegation": "false", "numPlace": "070"}, {"acteurRef": "PA793146", "mandatRef": "PM840252", "parDelegation": "false", "numPlace": "120"}, {"acteurRef": "PA794718", "mandatRef": "PM840348", "parDelegation": "true", "numPlace": "140"}, {"acteurRef": "PA841621", "mandatRef": "PM843173", "parDelegation": "false", "numPlace": "143"}, {"acteurRef": "PA793892", "mandatRef": "PM842738", "parDelegation": "false", "numPlace": "063"}, {"acteurRef": "PA841605", "mandatRef": "PM843167", "parDelegation": "false", "numPlace": "079"}, {"acteurRef": "PA794502", "mandatRef": "PM840324", "parDelegation": "false", "numPlace": "050"}, {"acteurRef": "PA841553", "mandatRef": "PM843128", "parDelegation": "false", "numPlace": "021"}, {"acteurRef": "PA794734", "mandatRef": "PM843146", "parDelegation": "false", "numPlace": "008"}, {"acteurRef": "PA795900", "mandatRef": "PM843524", "parDelegation": "false", "numPlace": "006"}, {"acteurRef": "PA841439", "mandatRef": "PM843023", "parDelegation": "false", "numPlace": "149"}, {"acteurRef": "PA841837", "mandatRef": "PM843404", "parDelegation": "false", "numPlace": "116"}, {"acteurRef": "PA796026", "mandatRef": "PM840390", "parDelegation": "false", "numPlace": "053"}, {"acteurRef": "PA840857", "mandatRef": "PM842516", "parDelegation": "false", "numPlace": "119"}, {"acteurRef": "PA840967", "mandatRef": "PM842579", "parDelegation": "false", "numPlace": "154"}, {"acteurRef": "PA793904", "mandatRef": "PM840288", "parDelegation": "false", "numPlace": "125"}, {"acteurRef": "PA721932", "mandatRef": "PM843632", "parDelegation": "false", "numPlace": "147"}, {"acteurRef": "PA795974", "mandatRef": "PM840387", "parDelegation": "true", "numPlace": "022"}, {"acteurRef": "PA841587", "mandatRef": "PM843149", "parDelegation": "false", "numPlace": "013"}, {"acteurRef": "PA793354", "mandatRef": "PM842462", "parDelegation": "false", "numPlace": "012"}, {"acteurRef": "PA795786", "mandatRef": "PM840399", "parDelegation": "true", "numPlace": "071"}, {"acteurRef": "PA793852", "mandatRef": "PM842684", "parDelegation": "true", "numPlace": "145"}, {"acteurRef": "PA793656", "mandatRef": "PM842546", "parDelegation": "false", "numPlace": "057"}, {"acteurRef": "PA793254", "mandatRef": "PM842432", "parDelegation": "false", "numPlace": "136"}, {"acteurRef": "PA842227", "mandatRef": "PM843734", "parDelegation": "false", "numPlace": "032"}]}, "abstentions": {"votant": [{"acteurRef": "PA842279", "mandatRef": "PM843779", "parDelegation": "false", "numPlace": "026"}, {"acteurRef": "PA794322", "mandatRef": "PM842942", "parDelegation": "false", "numPlace": "040"}, {"acteurRef": "PA794530", "mandatRef": "PM840327", "parDelegation": "false", "numPlace": "051"}]}}}}, {"organeRef": "PO845407", "nombreMembresGroupe": "94", "vote": {"positionMajoritaire": "contre", "decompteVoix": {"nonVotants": "1", "pour": "0", "contre": "16", "abstentions": "0", "nonVotantsVolontaires": "0"}, "decompteNominatif": {"nonVotants": {"votant": {"acteurRef": "PA721908", "mandatRef": "PM843467", "parDelegation": "false", "numPlace": "402", "causePositionVote": "PAN"}}, "pours": null, "contres": {"votant": [{"acteurRef": "PA722190", "mandatRef": "PM843659", "parDelegation": "false", "numPlace": "267"}, {"acteurRef": "PA794330", "mandatRef": "PM842945", "parDelegation": "true", "numPlace": "397"}, {"acteurRef": "PA719890", "mandatRef": "PM842855", "parDelegation": "false", "numPlace": "257"}, {"acteurRef": "PA795864", "mandatRef": "PM840429", "parDelegation": "false", "numPlace": "277"}, {"acteurRef": "PA794982", "mandatRef": "PM843329", "parDelegation": "true", "numPlace": "272"}, {"acteurRef": "PA721296", "mandatRef": "PM843698", "parDelegation": "false", "numPlace": "313"}, {"acteurRef": "PA793270", "mandatRef": "PM842441", "parDelegation": "false", "numPlace": "303"}, {"acteurRef": "PA719550", "mandatRef": "PM842660", "parDelegation": "true", "numPlace": "265"}, {"acteurRef": "PA2960", "mandatRef": "PM843140", "parDelegation": "false", "numPlace": "250"}, {"acteurRef": "PA842147", "mandatRef": "PM849135", "parDelegation": "false", "numPlace": "400"}, {"acteurRef": "PA840713", "mandatRef": "PM849139", "parDelegation": "false", "numPlace": "321"}, {"acteurRef": "PA795962", "mandatRef": "PM849121", "parDelegation": "false", "numPlace": "323"}, {"acteurRef": "PA267200", "mandatRef": "PM843098", "parDelegation": "false", "numPlace": "380"}, {"acteurRef": "PA719756", "mandatRef": "PM842813", "parDelegation": "false", "numPlace": "280"}, {"acteurRef": "PA717379", "mandatRef": "PM843374", "parDelegation": "false", "numPlace": "256"}, {"acteurRef": "PA720066", "mandatRef": "PM842933", "parDelegation": "false", "numPlace": "260"}]}, "abstentions": null}}}, {"organeRef": "PO845413", "nombreMembresGroupe": "71", "vote": {"positionMajoritaire": "contre", "decompteVoix": {"nonVotants": "0", "pour": "0", "contre": "30", "abstentions": "0", "nonVotantsVolontaires": "0"}, "decompteNominatif": {"nonVotants": null, "pours": null, "contres": {"votant": [{"acteurRef": "PA795228", "mandatRef": "PM840447", "parDelegation": "false", "numPlace": "627"}, {"acteurRef": "PA793262", "mandatRef": "PM842438", "parDelegation": "false", "numPlace": "571"}, {"acteurRef": "PA794906", "mandatRef": "PM843284", "parDelegation": "false", "numPlace": "544"}, {"acteurRef": "PA794138", "mandatRef": "PM842909", "parDelegation": "false", "numPlace": "526"}, {"acteurRef": "PA841657", "mandatRef": "PM843224", "parDelegation": "false", "numPlace": "518"}, {"acteurRef": "PA720430", "mandatRef": "PM843092", "parDelegation": "false", "numPlace": "601"}, {"acteurRef": "PA796090", "mandatRef": "PM840372", "parDelegation": "true", "numPlace": "528"}, {"acteurRef": "PA793912", "mandatRef": "PM842795", "parDelegation": "false", "numPlace": "621"}, {"acteurRef": "PA842187", "mandatRef": "PM843704", "parDelegation": "false", "numPlace": "595"}, {"acteurRef": "PA842037", "mandatRef": "PM843578", "parDelegation": "false", "numPlace": "620"}, {"acteurRef": "PA793736", "mandatRef": "PM842693", "parDelegation": "false", "numPlace": "636"}, {"acteurRef": "PA795136", "mandatRef": "PM843353", "parDelegation": "false", "numPlace": "599"}, {"acteurRef": "PA794786", "mandatRef": "PM843242", "parDelegation": "false", "numPlace": "547"}, {"acteurRef": "PA841845", "mandatRef": "PM843407", "parDelegation": "false", "numPlace": "648"}, {"acteurRef": "PA793744", "mandatRef": "PM842696", "parDelegation": "false", "numPlace": "561"}, {"acteurRef": "PA841947", "mandatRef": "PM843503", "parDelegation": "false", "numPlace": "559"}, {"acteurRef": "PA794130", "mandatRef": "PM840297", "parDelegation": "true", "numPlace": "537"}, {"acteurRef": "PA795672", "mandatRef": "PM843752", "parDelegation": "false", "numPlace": "612"}, {"acteurRef": "PA795746", "mandatRef": "PM843584", "parDelegation": "false", "numPlace": "645"}, {"acteurRef": "PA795108", "mandatRef": "PM843338", "parDelegation": "false", "numPlace": "538"}, {"acteurRef": "PA791824", "mandatRef": "PM840375", "parDelegation": "false", "numPlace": "602"}, {"acteurRef": "PA842029", "mandatRef": "PM843575", "parDelegation": "false", "numPlace": "607"}, {"acteurRef": "PA793532", "mandatRef": "PM842591", "parDelegation": "false", "numPlace": "650"}, {"acteurRef": "PA795422", "mandatRef": "PM843599", "parDelegation": "false", "numPlace": "644"}, {"acteurRef": "PA841215", "mandatRef": "PM842801", "parDelegation": "false", "numPlace": "597"}, {"acteurRef": "PA795482", "mandatRef": "PM843605", "parDelegation": "false", "numPlace": "642"}, {"acteurRef": "PA721960", "mandatRef": "PM840378", "parDelegation": "false", "numPlace": "600"}, {"acteurRef": "PA793872", "mandatRef": "PM840285", "parDelegation": "false", "numPlace": "548"}, {"acteurRef": "PA720892", "mandatRef": "PM840420", "parDelegation": "false", "numPlace": "623"}, {"acteurRef": "PA817211", "mandatRef": "PM842600", "parDelegation": "false", "numPlace": "520"}]}, "abstentions": null}}}, {"organeRef": "PO845419", "nombreMembresGroupe": "66", "vote": {"positionMajoritaire": "pour", "decompteVoix": {"nonVotants": "0", "pour": "7", "contre": "0", "abstentions": "0", "nonVotantsVolontaires": "0"}, "decompteNominatif": {"nonVotants": null, "pours": {"votant": [{"acteurRef": "PA793394", "mandatRef": "PM842486", "parDelegation": "true", "numPlace": "453"}, {"acteurRef": "PA840171", "mandatRef": "PM840360", "parDelegation": "false", "numPlace": "419"}, {"acteurRef": "PA841091", "mandatRef": "PM842705", "parDelegation": "false", "numPlace": "473"}, {"acteurRef": "PA841681", "mandatRef": "PM843245", "parDelegation": "false", "numPlace": "457"}, {"acteurRef": "PA1567", "mandatRef": "PM843572", "parDelegation": "false", "numPlace": "417"}, {"acteurRef": "PA842263", "mandatRef": "PM843773", "parDelegation": "false", "numPlace": "423"}, {"acteurRef": "PA826635", "mandatRef": "PM843473", "parDelegation": "false", "numPlace": "425"}]}, "contres": null, "abstentions": null}}}, {"organeRef": "PO845425", "nombreMembresGroupe": "47", "vote": {"positionMajoritaire": "pour", "decompteVoix": {"nonVotants": "0", "pour": "1", "contre": "1", "abstentions": "0", "nonVotantsVolontaires": "0"}, "decompteNominatif": {"nonVotants": null, "pours": {"votant": {"acteurRef": "PA722390", "mandatRef": "PM843317", "parDelegation": "false", "numPlace": "181"}}, "contres": {"votant": {"acteurRef": "PA642847", "mandatRef": "PM843056", "parDelegation": "false", "numPlace": "165"}}, "abstentions": null}}}, {"organeRef": "PO845439", "nombreMembresGroupe": "38", "vote": {"positionMajoritaire": "pour", "decompteVoix": {"nonVotants": "0", "pour": "14", "contre": "0", "abstentions": "0", "nonVotantsVolontaires": "0"}, "decompteNominatif": {"nonVotants": null, "pours": {"votant": [{"acteurRef": "PA841701", "mandatRef": "PM843269", "parDelegation": "false", "numPlace": "523"}, {"acteurRef": "PA795454", "mandatRef": "PM843821", "parDelegation": "false", "numPlace": "542"}, {"acteurRef": "PA841885", "mandatRef": "PM843446", "parDelegation": "false", "numPlace": "534"}, {"acteurRef": "PA841507", "mandatRef": "PM843086", "parDelegation": "false", "numPlace": "500"}, {"acteurRef": "PA721210", "mandatRef": "PM843677", "parDelegation": "false", "numPlace": "497"}, {"acteurRef": "PA793452", "mandatRef": "PM842453", "parDelegation": "false", "numPlace": "524"}, {"acteurRef": "PA793980", "mandatRef": "PM842750", "parDelegation": "false", "numPlace": "530"}, {"acteurRef": "PA795808", "mandatRef": "PM843644", "parDelegation": "false", "numPlace": "499"}, {"acteurRef": "PA796018", "mandatRef": "PM843425", "parDelegation": "false", "numPlace": "502"}, {"acteurRef": "PA841713", "mandatRef": "PM843275", "parDelegation": "false", "numPlace": "540"}, {"acteurRef": "PA794146", "mandatRef": "PM842912", "parDelegation": "true", "numPlace": "511"}, {"acteurRef": "PA842045", "mandatRef": "PM843581", "parDelegation": "false", "numPlace": "506"}, {"acteurRef": "PA793708", "mandatRef": "PM842525", "parDelegation": "false", "numPlace": "491"}, {"acteurRef": "PA795076", "mandatRef": "PM840366", "parDelegation": "false", "numPlace": "508"}]}, "contres": null, "abstentions": null}}}, {"organeRef": "PO845454", "nombreMembresGroupe": "36", "vote": {"positionMajoritaire": "contre", "decompteVoix": {"nonVotants": "0", "pour": "0", "contre": "3", "abstentions": "2", "nonVotantsVolontaires": "2"}, "decompteNominatif": {"nonVotants": null, "pours": null, "contres": {"votant": [{"acteurRef": "PA331582", "mandatRef": "PM842639", "parDelegation": "false", "numPlace": "337"}, {"acteurRef": "PA795258", "mandatRef": "PM843794", "parDelegation": "false", "numPlace": "348"}, {"acteurRef": "PA720256", "mandatRef": "PM843041", "parDelegation": "false", "numPlace": "371"}]}, "abstentions": {"votant": [{"acteurRef": "PA267318", "mandatRef": "PM843341", "parDelegation": "false", "numPlace": "347"}, {"acteurRef": "PA795100", "mandatRef": "PM843335", "parDelegation": "false", "numPlace": "351"}]}}}}, {"organeRef": "PO845470", "nombreMembresGroupe": "34", "vote": {"positionMajoritaire": "pour", "decompteVoix": {"nonVotants": "1", "pour": "3", "contre": "0", "abstentions": "1", "nonVotantsVolontaires": "1"}, "decompteNominatif": {"nonVotants": {"votant": {"acteurRef": "PA720908", "mandatRef": "PM843701", "parDelegation": "false", "numPlace": "221", "causePositionVote": "PSE"}}, "pours": {"votant": [{"acteurRef": "PA795026", "mandatRef": "PM843368", "parDelegation": "false", "numPlace": "223"}, {"acteurRef": "PA794234", "mandatRef": "PM842969", "parDelegation": "false", "numPlace": "231"}, {"acteurRef": "PA841431", "mandatRef": "PM843017", "parDelegation": "false", "numPlace": "243"}]}, "contres": null, "abstentions": {"votant": {"acteurRef": "PA795350", "mandatRef": "PM843410", "parDelegation": "false", "numPlace": "217"}}}}}, {"organeRef": "PO845485", "nombreMembresGroupe": "23", "vote": {"positionMajoritaire": "pour", "decompteVoix": {"nonVotants": "0", "pour": "2", "contre": "0", "abstentions": "0", "nonVotantsVolontaires": "0"}, "decompteNominatif": {"nonVotants": null, "pours": {"votant": [{"acteurRef": "PA796078", "mandatRef": "PM840459", "parDelegation": "false", "numPlace": "382"}, {"acteurRef": "PA942", "mandatRef": "PM842987", "parDelegation": "false", "numPlace": "383"}]}, "contres": null, "abstentions": null}}}, {"organeRef": "PO845514", "nombreMembresGroupe": "17", "vote": {"positionMajoritaire": "pour", "decompteVoix": {"nonVotants": "0", "pour": "1", "contre": "0", "abstentions": "1", "nonVotantsVolontaires": "1"}, "decompteNominatif": {"nonVotants": null, "pours": {"votant": {"acteurRef": "PA796010", "mandatRef": "PM843743", "parDelegation": "false", "numPlace": "577"}}, "contres": null, "abstentions": {"votant": {"acteurRef": "PA793174", "mandatRef": "PM842384", "parDelegation": "false", "numPlace": "588"}}}}}, {"organeRef": "PO847173", "nombreMembresGroupe": "16", "vote": {"positionMajoritaire": "contre", "decompteVoix": {"nonVotants": "0", "pour": "0", "contre": "3", "abstentions": "0", "nonVotantsVolontaires": "0"}, "decompteNominatif": {"nonVotants": null, "pours": null, "contres": {"votant": [{"acteurRef": "PA840809", "mandatRef": "PM842474", "parDelegation": "false", "numPlace": "088"}, {"acteurRef": "PA841183", "mandatRef": "PM842786", "parDelegation": "false", "numPlace": "097"}, {"acteurRef": "PA841395", "mandatRef": "PM842981", "parDelegation": "false", "numPlace": "112"}]}, "abstentions": null}}}, {"organeRef": "PO840056", "nombreMembresGroupe": "8", "vote": {"positionMajoritaire": "pour", "decompteVoix": {"nonVotants": "0", "pour": "0", "contre": "0", "abstentions": "0", "nonVotantsVolontaires": "0"}, "decompteNominatif": {"nonVotants": null, "pours": null, "contres": null, "abstentions": null}}}]}}}, "miseAuPoint": {"nonVotants": [null, null], "pours": null, "abstentions": [null, null], "nonVotantsVolontaires": [null, null], "contres": {"votant": {"acteurRef": "PA794530", "mandatRef": "PM840327", "parDelegation": "false", "numPlace": "051"}}, "dysfonctionnement": {"nonVotants": null, "pour": null, "contre": null, "abstentions": null, "nonVotantsVolontaires": null}}, "lieuVote": "H\u00e9micycle"}}