{"scrutin": {"@xmlns": "http://schemas.assemblee-nationale.fr/referentiel", "@xmlns:xsi": "http://www.w3.org/2001/XMLSchema-instance", "uid": "VTANR5L17V231", "numero": "231", "organeRef": "PO838901", "legislature": "17", "sessionRef": "SCR5A2025O1", "seanceRef": "RUANR5L17S2025IDS28650", "dateScrutin": "2024-11-04", "quantiemeJourSeance": "2", "typeVote": {"codeTypeVote": "SPO", "libelleTypeVote": "scrutin public ordinaire", "typeMajorite": "Majorit\u00e9 absolue des suffrages exprim\u00e9s"}, "sort": {"code": "rejet\u00e9", "libelle": "L'Assembl\u00e9e nationale n'a pas adopt\u00e9"}, "titre": "l'amendement n\u00b0 2352 du Gouvernement apr\u00e8s l'article 9 du projet de loi de financement de la s\u00e9curit\u00e9 sociale pour 2025 (premi\u00e8re lecture).", "demandeur": {"texte": "Pr\u00e9sidente de s\u00e9ance", "referenceLegislative": null}, "objet": {"libelle": "l'amendement n\u00b0 2352 du Gouvernement apr\u00e8s l'article 9 du projet de loi de financement de la s\u00e9curit\u00e9 sociale pour 2025 (premi\u00e8re lecture).", "dossierLegislatif": null, "referenceLegislative": null}, "modePublicationDesVotes": "DecompteNominatif", "syntheseVote": {"nombreVotants": "162", "suffragesExprimes": "129", "nbrSuffragesRequis": "65", "annonce": "L'Assembl\u00e9e nationale n'a pas adopt\u00e9", "decompte": {"nonVotants": "2", "pour": "57", "contre": "72", "abstentions": "33", "nonVotantsVolontaires": "0"}}, "ventilationVotes": {"organe": {"organeRef": "PO838901", "groupes": {"groupe": [{"organeRef": "PO845401", "nombreMembresGroupe": "125", "vote": {"positionMajoritaire": "contre", "decompteVoix": {"nonVotants": "0", "pour": "0", "contre": "58", "abstentions": "0", "nonVotantsVolontaires": "0"}, "decompteNominatif": {"nonVotants": null, "pours": null, "contres": {"votant": [{"acteurRef": "PA841495", "mandatRef": "PM843065", "parDelegation": "false", "numPlace": "010"}, {"acteurRef": "PA794562", "mandatRef": "PM840339", "parDelegation": "false", "numPlace": "094"}, {"acteurRef": "PA842279", "mandatRef": "PM843779", "parDelegation": "false", "numPlace": "026"}, {"acteurRef": "PA793238", "mandatRef": "PM842426", "parDelegation": "true", "numPlace": "073"}, {"acteurRef": "PA793158", "mandatRef": "PM840258", "parDelegation": "false", "numPlace": "075"}, {"acteurRef": "PA794434", "mandatRef": "PM842990", "parDelegation": "false", "numPlace": "084"}, {"acteurRef": "PA841645", "mandatRef": "PM843200", "parDelegation": "false", "numPlace": "054"}, {"acteurRef": "PA842001", "mandatRef": "PM843554", "parDelegation": "false", "numPlace": "110"}, {"acteurRef": "PA720822", "mandatRef": "PM840318", "parDelegation": "false", "numPlace": "045"}, {"acteurRef": "PA796042", "mandatRef": "PM843428", "parDelegation": "false", "numPlace": "017"}, {"acteurRef": "PA793844", "mandatRef": "PM842681", "parDelegation": "false", "numPlace": "135"}, {"acteurRef": "PA841131", "mandatRef": "PM842735", "parDelegation": "false", "numPlace": "124"}, {"acteurRef": "PA793548", "mandatRef": "PM842606", "parDelegation": "false", "numPlace": "023"}, {"acteurRef": "PA795644", "mandatRef": "PM843560", "parDelegation": "true", "numPlace": "158"}, {"acteurRef": "PA642988", "mandatRef": "PM840414", "parDelegation": "false", "numPlace": "095"}, {"acteurRef": "PA840119", "mandatRef": "PM840321", "parDelegation": "false", "numPlace": "024"}, {"acteurRef": "PA793166", "mandatRef": "PM840261", "parDelegation": "false", "numPlace": "070"}, {"acteurRef": "PA793928", "mandatRef": "PM840294", "parDelegation": "false", "numPlace": "033"}, {"acteurRef": "PA793146", "mandatRef": "PM840252", "parDelegation": "false", "numPlace": "120"}, {"acteurRef": "PA840135", "mandatRef": "PM840330", "parDelegation": "false", "numPlace": "038"}, {"acteurRef": "PA842073", "mandatRef": "PM843611", "parDelegation": "false", "numPlace": "027"}, {"acteurRef": "PA794718", "mandatRef": "PM840348", "parDelegation": "true", "numPlace": "140"}, {"acteurRef": "PA840801", "mandatRef": "PM842471", "parDelegation": "true", "numPlace": "014"}, {"acteurRef": "PA794678", "mandatRef": "PM840312", "parDelegation": "false", "numPlace": "048"}, {"acteurRef": "PA793892", "mandatRef": "PM842738", "parDelegation": "false", "numPlace": "063"}, {"acteurRef": "PA793832", "mandatRef": "PM842678", "parDelegation": "false", "numPlace": "129"}, {"acteurRef": "PA841605", "mandatRef": "PM843167", "parDelegation": "false", "numPlace": "079"}, {"acteurRef": "PA794418", "mandatRef": "PM840309", "parDelegation": "false", "numPlace": "025"}, {"acteurRef": "PA842097", "mandatRef": "PM843623", "parDelegation": "false", "numPlace": "009"}, {"acteurRef": "PA841777", "mandatRef": "PM843326", "parDelegation": "false", "numPlace": "002"}, {"acteurRef": "PA842255", "mandatRef": "PM843770", "parDelegation": "false", "numPlace": "066"}, {"acteurRef": "PA795778", "mandatRef": "PM843509", "parDelegation": "false", "numPlace": "035"}, {"acteurRef": "PA794502", "mandatRef": "PM840324", "parDelegation": "false", "numPlace": "050"}, {"acteurRef": "PA841479", "mandatRef": "PM843053", "parDelegation": "false", "numPlace": "118"}, {"acteurRef": "PA793218", "mandatRef": "PM840267", "parDelegation": "false", "numPlace": "127"}, {"acteurRef": "PA795900", "mandatRef": "PM843524", "parDelegation": "false", "numPlace": "006"}, {"acteurRef": "PA793632", "mandatRef": "PM842627", "parDelegation": "false", "numPlace": "082"}, {"acteurRef": "PA841439", "mandatRef": "PM843023", "parDelegation": "false", "numPlace": "149"}, {"acteurRef": "PA841749", "mandatRef": "PM843305", "parDelegation": "true", "numPlace": "011"}, {"acteurRef": "PA841075", "mandatRef": "PM842690", "parDelegation": "false", "numPlace": "018"}, {"acteurRef": "PA841837", "mandatRef": "PM843404", "parDelegation": "false", "numPlace": "116"}, {"acteurRef": "PA796026", "mandatRef": "PM840390", "parDelegation": "false", "numPlace": "053"}, {"acteurRef": "PA840857", "mandatRef": "PM842516", "parDelegation": "false", "numPlace": "119"}, {"acteurRef": "PA841873", "mandatRef": "PM843434", "parDelegation": "false", "numPlace": "122"}, {"acteurRef": "PA840967", "mandatRef": "PM842579", "parDelegation": "false", "numPlace": "154"}, {"acteurRef": "PA793904", "mandatRef": "PM840288", "parDelegation": "false", "numPlace": "125"}, {"acteurRef": "PA721932", "mandatRef": "PM843632", "parDelegation": "false", "numPlace": "147"}, {"acteurRef": "PA795974", "mandatRef": "PM840387", "parDelegation": "true", "numPlace": "022"}, {"acteurRef": "PA841587", "mandatRef": "PM843149", "parDelegation": "false", "numPlace": "013"}, {"acteurRef": "PA794530", "mandatRef": "PM840327", "parDelegation": "false", "numPlace": "051"}, {"acteurRef": "PA793354", "mandatRef": "PM842462", "parDelegation": "false", "numPlace": "012"}, {"acteurRef": "PA795786", "mandatRef": "PM840399", "parDelegation": "true", "numPlace": "071"}, {"acteurRef": "PA793852", "mandatRef": "PM842684", "parDelegation": "true", "numPlace": "145"}, {"acteurRef": "PA793696", "mandatRef": "PM842519", "parDelegation": "false", "numPlace": "058"}, {"acteurRef": "PA793656", "mandatRef": "PM842546", "parDelegation": "false", "numPlace": "057"}, {"acteurRef": "PA793230", "mandatRef": "PM842423", "parDelegation": "false", "numPlace": "019"}, {"acteurRef": "PA841955", "mandatRef": "PM843506", "parDelegation": "false", "numPlace": "089"}, {"acteurRef": "PA842227", "mandatRef": "PM843734", "parDelegation": "false", "numPlace": "032"}]}, "abstentions": null}}}, {"organeRef": "PO845407", "nombreMembresGroupe": "94", "vote": {"positionMajoritaire": "contre", "decompteVoix": {"nonVotants": "1", "pour": "16", "contre": "2", "abstentions": "2", "nonVotantsVolontaires": "2"}, "decompteNominatif": {"nonVotants": {"votant": {"acteurRef": "PA721908", "mandatRef": "PM843467", "parDelegation": "false", "numPlace": "402", "causePositionVote": "PAN"}}, "pours": {"votant": [{"acteurRef": "PA794330", "mandatRef": "PM842945", "parDelegation": "true", "numPlace": "397"}, {"acteurRef": "PA719890", "mandatRef": "PM842855", "parDelegation": "false", "numPlace": "257"}, {"acteurRef": "PA842311", "mandatRef": "PM843803", "parDelegation": "false", "numPlace": "384"}, {"acteurRef": "PA795864", "mandatRef": "PM840429", "parDelegation": "false", "numPlace": "277"}, {"acteurRef": "PA794982", "mandatRef": "PM843329", "parDelegation": "true", "numPlace": "272"}, {"acteurRef": "PA722382", "mandatRef": "PM843314", "parDelegation": "false", "numPlace": "249"}, {"acteurRef": "PA793270", "mandatRef": "PM842441", "parDelegation": "false", "numPlace": "303"}, {"acteurRef": "PA719550", "mandatRef": "PM842660", "parDelegation": "true", "numPlace": "265"}, {"acteurRef": "PA842147", "mandatRef": "PM849135", "parDelegation": "false", "numPlace": "400"}, {"acteurRef": "PA840713", "mandatRef": "PM849139", "parDelegation": "false", "numPlace": "321"}, {"acteurRef": "PA841709", "mandatRef": "PM849151", "parDelegation": "false", "numPlace": "322"}, {"acteurRef": "PA719798", "mandatRef": "PM842753", "parDelegation": "false", "numPlace": "262"}, {"acteurRef": "PA795386", "mandatRef": "PM843695", "parDelegation": "true", "numPlace": "284"}, {"acteurRef": "PA795176", "mandatRef": "PM843788", "parDelegation": "false", "numPlace": "385"}, {"acteurRef": "PA795664", "mandatRef": "PM843569", "parDelegation": "false", "numPlace": "368"}, {"acteurRef": "PA720066", "mandatRef": "PM842933", "parDelegation": "false", "numPlace": "260"}]}, "contres": {"votant": [{"acteurRef": "PA2960", "mandatRef": "PM843140", "parDelegation": "false", "numPlace": "250"}, {"acteurRef": "PA794802", "mandatRef": "PM843191", "parDelegation": "false", "numPlace": "364"}]}, "abstentions": {"votant": [{"acteurRef": "PA721158", "mandatRef": "PM843806", "parDelegation": "false", "numPlace": "281"}, {"acteurRef": "PA719632", "mandatRef": "PM842828", "parDelegation": "false", "numPlace": "378"}]}}}}, {"organeRef": "PO845413", "nombreMembresGroupe": "71", "vote": {"positionMajoritaire": "abstention", "decompteVoix": {"nonVotants": "1", "pour": "0", "contre": "0", "abstentions": "28", "nonVotantsVolontaires": "28"}, "decompteNominatif": {"nonVotants": {"votant": {"acteurRef": "PA795310", "mandatRef": "PM840453", "parDelegation": "false", "numPlace": "634", "causePositionVote": "PSE"}}, "pours": null, "contres": null, "abstentions": {"votant": [{"acteurRef": "PA795228", "mandatRef": "PM840447", "parDelegation": "false", "numPlace": "627"}, {"acteurRef": "PA793262", "mandatRef": "PM842438", "parDelegation": "false", "numPlace": "571"}, {"acteurRef": "PA794138", "mandatRef": "PM842909", "parDelegation": "false", "numPlace": "526"}, {"acteurRef": "PA841657", "mandatRef": "PM843224", "parDelegation": "false", "numPlace": "518"}, {"acteurRef": "PA720430", "mandatRef": "PM843092", "parDelegation": "false", "numPlace": "601"}, {"acteurRef": "PA793444", "mandatRef": "PM840270", "parDelegation": "false", "numPlace": "539"}, {"acteurRef": "PA794938", "mandatRef": "PM843308", "parDelegation": "false", "numPlace": "619"}, {"acteurRef": "PA796090", "mandatRef": "PM840372", "parDelegation": "true", "numPlace": "528"}, {"acteurRef": "PA842187", "mandatRef": "PM843704", "parDelegation": "false", "numPlace": "595"}, {"acteurRef": "PA793736", "mandatRef": "PM842693", "parDelegation": "false", "numPlace": "636"}, {"acteurRef": "PA795136", "mandatRef": "PM843353", "parDelegation": "false", "numPlace": "599"}, {"acteurRef": "PA793464", "mandatRef": "PM840273", "parDelegation": "false", "numPlace": "606"}, {"acteurRef": "PA795844", "mandatRef": "PM843515", "parDelegation": "false", "numPlace": "546"}, {"acteurRef": "PA794786", "mandatRef": "PM843242", "parDelegation": "false", "numPlace": "547"}, {"acteurRef": "PA796070", "mandatRef": "PM843746", "parDelegation": "false", "numPlace": "638"}, {"acteurRef": "PA841845", "mandatRef": "PM843407", "parDelegation": "false", "numPlace": "648"}, {"acteurRef": "PA793744", "mandatRef": "PM842696", "parDelegation": "false", "numPlace": "561"}, {"acteurRef": "PA841947", "mandatRef": "PM843503", "parDelegation": "false", "numPlace": "559"}, {"acteurRef": "PA794130", "mandatRef": "PM840297", "parDelegation": "true", "numPlace": "537"}, {"acteurRef": "PA795516", "mandatRef": "PM843452", "parDelegation": "false", "numPlace": "596"}, {"acteurRef": "PA795746", "mandatRef": "PM843584", "parDelegation": "false", "numPlace": "645"}, {"acteurRef": "PA795108", "mandatRef": "PM843338", "parDelegation": "false", "numPlace": "538"}, {"acteurRef": "PA793532", "mandatRef": "PM842591", "parDelegation": "false", "numPlace": "650"}, {"acteurRef": "PA841215", "mandatRef": "PM842801", "parDelegation": "false", "numPlace": "597"}, {"acteurRef": "PA841191", "mandatRef": "PM842789", "parDelegation": "false", "numPlace": "639"}, {"acteurRef": "PA817211", "mandatRef": "PM842600", "parDelegation": "false", "numPlace": "520"}, {"acteurRef": "PA796062", "mandatRef": "PM843668", "parDelegation": "true", "numPlace": "633"}, {"acteurRef": "PA721062", "mandatRef": "PM843740", "parDelegation": "false", "numPlace": "615"}]}}}}, {"organeRef": "PO845419", "nombreMembresGroupe": "66", "vote": {"positionMajoritaire": "pour", "decompteVoix": {"nonVotants": "0", "pour": "16", "contre": "0", "abstentions": "0", "nonVotantsVolontaires": "0"}, "decompteNominatif": {"nonVotants": null, "pours": {"votant": [{"acteurRef": "PA606793", "mandatRef": "PM842759", "parDelegation": "false", "numPlace": "451"}, {"acteurRef": "PA842211", "mandatRef": "PM843716", "parDelegation": "false", "numPlace": "418"}, {"acteurRef": "PA794094", "mandatRef": "PM840291", "parDelegation": "false", "numPlace": "436"}, {"acteurRef": "PA793624", "mandatRef": "PM842564", "parDelegation": "false", "numPlace": "422"}, {"acteurRef": "PA793394", "mandatRef": "PM842486", "parDelegation": "true", "numPlace": "453"}, {"acteurRef": "PA795430", "mandatRef": "PM843602", "parDelegation": "false", "numPlace": "432"}, {"acteurRef": "PA840939", "mandatRef": "PM842567", "parDelegation": "false", "numPlace": "450"}, {"acteurRef": "PA331973", "mandatRef": "PM842624", "parDelegation": "false", "numPlace": "441"}, {"acteurRef": "PA841091", "mandatRef": "PM842705", "parDelegation": "false", "numPlace": "473"}, {"acteurRef": "PA841681", "mandatRef": "PM843245", "parDelegation": "false", "numPlace": "457"}, {"acteurRef": "PA1567", "mandatRef": "PM843572", "parDelegation": "false", "numPlace": "417"}, {"acteurRef": "PA842263", "mandatRef": "PM843773", "parDelegation": "false", "numPlace": "423"}, {"acteurRef": "PA1654", "mandatRef": "PM842510", "parDelegation": "false", "numPlace": "424"}, {"acteurRef": "PA643157", "mandatRef": "PM843728", "parDelegation": "false", "numPlace": "429"}, {"acteurRef": "PA841107", "mandatRef": "PM842717", "parDelegation": "false", "numPlace": "474"}, {"acteurRef": "PA840955", "mandatRef": "PM842573", "parDelegation": "false", "numPlace": "444"}]}, "contres": null, "abstentions": null}}}, {"organeRef": "PO845425", "nombreMembresGroupe": "47", "vote": {"positionMajoritaire": "contre", "decompteVoix": {"nonVotants": "0", "pour": "0", "contre": "5", "abstentions": "2", "nonVotantsVolontaires": "2"}, "decompteNominatif": {"nonVotants": null, "pours": null, "contres": {"votant": [{"acteurRef": "PA642847", "mandatRef": "PM843056", "parDelegation": "false", "numPlace": "165"}, {"acteurRef": "PA342240", "mandatRef": "PM842819", "parDelegation": "false", "numPlace": "192"}, {"acteurRef": "PA722390", "mandatRef": "PM843317", "parDelegation": "false", "numPlace": "181"}, {"acteurRef": "PA642725", "mandatRef": "PM849129", "parDelegation": "false", "numPlace": "205"}, {"acteurRef": "PA794038", "mandatRef": "PM842783", "parDelegation": "false", "numPlace": "186"}]}, "abstentions": {"votant": [{"acteurRef": "PA266797", "mandatRef": "PM843071", "parDelegation": "false", "numPlace": "169"}, {"acteurRef": "PA346782", "mandatRef": "PM840426", "parDelegation": "false", "numPlace": "172"}]}}}}, {"organeRef": "PO845439", "nombreMembresGroupe": "38", "vote": {"positionMajoritaire": "pour", "decompteVoix": {"nonVotants": "0", "pour": "9", "contre": "0", "abstentions": "0", "nonVotantsVolontaires": "0"}, "decompteNominatif": {"nonVotants": null, "pours": {"votant": [{"acteurRef": "PA841701", "mandatRef": "PM843269", "parDelegation": "false", "numPlace": "523"}, {"acteurRef": "PA841885", "mandatRef": "PM843446", "parDelegation": "false", "numPlace": "534"}, {"acteurRef": "PA841507", "mandatRef": "PM843086", "parDelegation": "false", "numPlace": "500"}, {"acteurRef": "PA793452", "mandatRef": "PM842453", "parDelegation": "false", "numPlace": "524"}, {"acteurRef": "PA795808", "mandatRef": "PM843644", "parDelegation": "false", "numPlace": "499"}, {"acteurRef": "PA841713", "mandatRef": "PM843275", "parDelegation": "false", "numPlace": "540"}, {"acteurRef": "PA794146", "mandatRef": "PM842912", "parDelegation": "true", "numPlace": "511"}, {"acteurRef": "PA795636", "mandatRef": "PM843476", "parDelegation": "true", "numPlace": "514"}, {"acteurRef": "PA842045", "mandatRef": "PM843581", "parDelegation": "false", "numPlace": "506"}]}, "contres": null, "abstentions": null}}}, {"organeRef": "PO845454", "nombreMembresGroupe": "36", "vote": {"positionMajoritaire": "pour", "decompteVoix": {"nonVotants": "0", "pour": "7", "contre": "1", "abstentions": "0", "nonVotantsVolontaires": "0"}, "decompteNominatif": {"nonVotants": null, "pours": {"votant": [{"acteurRef": "PA720256", "mandatRef": "PM843041", "parDelegation": "false", "numPlace": "371"}, {"acteurRef": "PA267318", "mandatRef": "PM843341", "parDelegation": "false", "numPlace": "347"}, {"acteurRef": "PA331582", "mandatRef": "PM842639", "parDelegation": "false", "numPlace": "337"}, {"acteurRef": "PA795258", "mandatRef": "PM843794", "parDelegation": "false", "numPlace": "348"}, {"acteurRef": "PA722374", "mandatRef": "PM843302", "parDelegation": "false", "numPlace": "353"}, {"acteurRef": "PA794702", "mandatRef": "PM843248", "parDelegation": "false", "numPlace": "340"}, {"acteurRef": "PA795100", "mandatRef": "PM843335", "parDelegation": "false", "numPlace": "351"}]}, "contres": {"votant": {"acteurRef": "PA722162", "mandatRef": "PM843596", "parDelegation": "false", "numPlace": "354"}}, "abstentions": null}}}, {"organeRef": "PO845470", "nombreMembresGroupe": "34", "vote": {"positionMajoritaire": "pour", "decompteVoix": {"nonVotants": "0", "pour": "6", "contre": "0", "abstentions": "0", "nonVotantsVolontaires": "0"}, "decompteNominatif": {"nonVotants": null, "pours": {"votant": [{"acteurRef": "PA795350", "mandatRef": "PM843410", "parDelegation": "false", "numPlace": "217"}, {"acteurRef": "PA605782", "mandatRef": "PM842666", "parDelegation": "false", "numPlace": "222"}, {"acteurRef": "PA842125", "mandatRef": "PM843641", "parDelegation": "false", "numPlace": "228"}, {"acteurRef": "PA794234", "mandatRef": "PM842969", "parDelegation": "false", "numPlace": "231"}, {"acteurRef": "PA719032", "mandatRef": "PM842393", "parDelegation": "false", "numPlace": "241"}, {"acteurRef": "PA793992", "mandatRef": "PM842756", "parDelegation": "false", "numPlace": "244"}]}, "contres": null, "abstentions": null}}}, {"organeRef": "PO845485", "nombreMembresGroupe": "23", "vote": {"positionMajoritaire": "contre", "decompteVoix": {"nonVotants": "0", "pour": "0", "contre": "2", "abstentions": "0", "nonVotantsVolontaires": "0"}, "decompteNominatif": {"nonVotants": null, "pours": null, "contres": {"votant": [{"acteurRef": "PA942", "mandatRef": "PM842987", "parDelegation": "false", "numPlace": "383"}, {"acteurRef": "PA793210", "mandatRef": "PM842417", "parDelegation": "false", "numPlace": "456"}]}, "abstentions": null}}}, {"organeRef": "PO845514", "nombreMembresGroupe": "17", "vote": {"positionMajoritaire": "pour", "decompteVoix": {"nonVotants": "0", "pour": "3", "contre": "0", "abstentions": "0", "nonVotantsVolontaires": "0"}, "decompteNominatif": {"nonVotants": null, "pours": {"votant": [{"acteurRef": "PA796010", "mandatRef": "PM843743", "parDelegation": "false", "numPlace": "577"}, {"acteurRef": "PA335612", "mandatRef": "PM843398", "parDelegation": "false", "numPlace": "586"}, {"acteurRef": "PA795868", "mandatRef": "PM843722", "parDelegation": "false", "numPlace": "591"}]}, "contres": null, "abstentions": null}}}, {"organeRef": "PO847173", "nombreMembresGroupe": "16", "vote": {"positionMajoritaire": "contre", "decompteVoix": {"nonVotants": "0", "pour": "0", "contre": "4", "abstentions": "1", "nonVotantsVolontaires": "1"}, "decompteNominatif": {"nonVotants": null, "pours": null, "contres": {"votant": [{"acteurRef": "PA841207", "mandatRef": "PM842798", "parDelegation": "false", "numPlace": "106"}, {"acteurRef": "PA840773", "mandatRef": "PM842456", "parDelegation": "false", "numPlace": "103"}, {"acteurRef": "PA840983", "mandatRef": "PM842597", "parDelegation": "false", "numPlace": "114"}, {"acteurRef": "PA841395", "mandatRef": "PM842981", "parDelegation": "false", "numPlace": "112"}]}, "abstentions": {"votant": {"acteurRef": "PA841067", "mandatRef": "PM842687", "parDelegation": "false", "numPlace": "113"}}}}}, {"organeRef": "PO840056", "nombreMembresGroupe": "8", "vote": {"positionMajoritaire": "pour", "decompteVoix": {"nonVotants": "0", "pour": "0", "contre": "0", "abstentions": "0", "nonVotantsVolontaires": "0"}, "decompteNominatif": {"nonVotants": null, "pours": null, "contres": null, "abstentions": null}}}]}}}, "miseAuPoint": {"nonVotants": [null, null], "pours": {"votant": {"acteurRef": "PA2960", "mandatRef": "PM843140", "parDelegation": "false", "numPlace": "250"}}, "abstentions": [null, null], "nonVotantsVolontaires": [null, null], "contres": null, "dysfonctionnement": {"nonVotants": null, "pour": null, "contre": null, "abstentions": null, "nonVotantsVolontaires": null}}, "lieuVote": "H\u00e9micycle"}}