{"scrutin": {"@xmlns": "http://schemas.assemblee-nationale.fr/referentiel", "@xmlns:xsi": "http://www.w3.org/2001/XMLSchema-instance", "uid": "VTANR5L17V321", "numero": "321", "organeRef": "PO838901", "legislature": "17", "sessionRef": "SCR5A2025O1", "seanceRef": "RUANR5L17S2025IDS28630", "dateScrutin": "2024-11-07", "quantiemeJourSeance": "3", "typeVote": {"codeTypeVote": "SPO", "libelleTypeVote": "scrutin public ordinaire", "typeMajorite": "Majorit\u00e9 absolue des suffrages exprim\u00e9s"}, "sort": {"code": "rejet\u00e9", "libelle": "L'Assembl\u00e9e nationale n'a pas adopt\u00e9"}, "titre": "l'amendement n\u00b0 3337 de M. Delautrette apr\u00e8s l'article 16 du projet de loi de finances pour 2025 (premi\u00e8re lecture).", "demandeur": {"texte": "Pr\u00e9sident de s\u00e9ance", "referenceLegislative": null}, "objet": {"libelle": "l'amendement n\u00b0 3337 de M. Delautrette apr\u00e8s l'article 16 du projet de loi de finances pour 2025 (premi\u00e8re lecture).", "dossierLegislatif": null, "referenceLegislative": null}, "modePublicationDesVotes": "DecompteNominatif", "syntheseVote": {"nombreVotants": "134", "suffragesExprimes": "134", "nbrSuffragesRequis": "68", "annonce": "L'Assembl\u00e9e nationale n'a pas adopt\u00e9", "decompte": {"nonVotants": "2", "pour": "60", "contre": "74", "abstentions": "0", "nonVotantsVolontaires": "0"}}, "ventilationVotes": {"organe": {"organeRef": "PO838901", "groupes": {"groupe": [{"organeRef": "PO845401", "nombreMembresGroupe": "125", "vote": {"positionMajoritaire": "contre", "decompteVoix": {"nonVotants": "0", "pour": "0", "contre": "45", "abstentions": "0", "nonVotantsVolontaires": "0"}, "decompteNominatif": {"nonVotants": null, "pours": null, "contres": {"votant": [{"acteurRef": "PA794562", "mandatRef": "PM840339", "parDelegation": "false", "numPlace": "094"}, {"acteurRef": "PA793158", "mandatRef": "PM840258", "parDelegation": "false", "numPlace": "075"}, {"acteurRef": "PA793182", "mandatRef": "PM842387", "parDelegation": "false", "numPlace": "056"}, {"acteurRef": "PA841613", "mandatRef": "PM843170", "parDelegation": "false", "numPlace": "144"}, {"acteurRef": "PA840135", "mandatRef": "PM840330", "parDelegation": "false", "numPlace": "038"}, {"acteurRef": "PA841761", "mandatRef": "PM843320", "parDelegation": "false", "numPlace": "128"}, {"acteurRef": "PA840143", "mandatRef": "PM840336", "parDelegation": "false", "numPlace": "130"}, {"acteurRef": "PA840801", "mandatRef": "PM842471", "parDelegation": "false", "numPlace": "014"}, {"acteurRef": "PA793832", "mandatRef": "PM842678", "parDelegation": "true", "numPlace": "129"}, {"acteurRef": "PA793102", "mandatRef": "PM842330", "parDelegation": "false", "numPlace": "153"}, {"acteurRef": "PA841605", "mandatRef": "PM843167", "parDelegation": "false", "numPlace": "079"}, {"acteurRef": "PA794418", "mandatRef": "PM840309", "parDelegation": "false", "numPlace": "025"}, {"acteurRef": "PA794894", "mandatRef": "PM840351", "parDelegation": "false", "numPlace": "138"}, {"acteurRef": "PA794570", "mandatRef": "PM843137", "parDelegation": "false", "numPlace": "083"}, {"acteurRef": "PA794954", "mandatRef": "PM840357", "parDelegation": "false", "numPlace": "003"}, {"acteurRef": "PA841777", "mandatRef": "PM843326", "parDelegation": "false", "numPlace": "002"}, {"acteurRef": "PA796050", "mandatRef": "PM840411", "parDelegation": "true", "numPlace": "015"}, {"acteurRef": "PA842255", "mandatRef": "PM843770", "parDelegation": "false", "numPlace": "066"}, {"acteurRef": "PA795778", "mandatRef": "PM843509", "parDelegation": "false", "numPlace": "035"}, {"acteurRef": "PA793298", "mandatRef": "PM842360", "parDelegation": "true", "numPlace": "150"}, {"acteurRef": "PA840781", "mandatRef": "PM842459", "parDelegation": "false", "numPlace": "085"}, {"acteurRef": "PA840757", "mandatRef": "PM842444", "parDelegation": "false", "numPlace": "157"}, {"acteurRef": "PA841451", "mandatRef": "PM843035", "parDelegation": "false", "numPlace": "005"}, {"acteurRef": "PA795900", "mandatRef": "PM843524", "parDelegation": "false", "numPlace": "006"}, {"acteurRef": "PA842085", "mandatRef": "PM843617", "parDelegation": "false", "numPlace": "081"}, {"acteurRef": "PA841075", "mandatRef": "PM842690", "parDelegation": "false", "numPlace": "018"}, {"acteurRef": "PA840869", "mandatRef": "PM842522", "parDelegation": "false", "numPlace": "047"}, {"acteurRef": "PA840857", "mandatRef": "PM842516", "parDelegation": "false", "numPlace": "119"}, {"acteurRef": "PA793290", "mandatRef": "PM842450", "parDelegation": "false", "numPlace": "146"}, {"acteurRef": "PA793904", "mandatRef": "PM840288", "parDelegation": "false", "numPlace": "125"}, {"acteurRef": "PA721932", "mandatRef": "PM843632", "parDelegation": "true", "numPlace": "147"}, {"acteurRef": "PA841587", "mandatRef": "PM843149", "parDelegation": "false", "numPlace": "013"}, {"acteurRef": "PA841563", "mandatRef": "PM843134", "parDelegation": "false", "numPlace": "133"}, {"acteurRef": "PA794770", "mandatRef": "PM843236", "parDelegation": "true", "numPlace": "078"}, {"acteurRef": "PA793616", "mandatRef": "PM842561", "parDelegation": "false", "numPlace": "030"}, {"acteurRef": "PA794322", "mandatRef": "PM842942", "parDelegation": "false", "numPlace": "040"}, {"acteurRef": "PA793852", "mandatRef": "PM842684", "parDelegation": "true", "numPlace": "145"}, {"acteurRef": "PA794670", "mandatRef": "PM843176", "parDelegation": "false", "numPlace": "102"}, {"acteurRef": "PA841199", "mandatRef": "PM842792", "parDelegation": "false", "numPlace": "139"}, {"acteurRef": "PA794582", "mandatRef": "PM840300", "parDelegation": "false", "numPlace": "101"}, {"acteurRef": "PA793656", "mandatRef": "PM842546", "parDelegation": "false", "numPlace": "057"}, {"acteurRef": "PA841955", "mandatRef": "PM843506", "parDelegation": "false", "numPlace": "089"}, {"acteurRef": "PA841981", "mandatRef": "PM843533", "parDelegation": "false", "numPlace": "041"}, {"acteurRef": "PA842227", "mandatRef": "PM843734", "parDelegation": "false", "numPlace": "032"}, {"acteurRef": "PA794442", "mandatRef": "PM840306", "parDelegation": "false", "numPlace": "141"}]}, "abstentions": null}}}, {"organeRef": "PO845407", "nombreMembresGroupe": "94", "vote": {"positionMajoritaire": "contre", "decompteVoix": {"nonVotants": "1", "pour": "0", "contre": "9", "abstentions": "0", "nonVotantsVolontaires": "0"}, "decompteNominatif": {"nonVotants": {"votant": {"acteurRef": "PA721908", "mandatRef": "PM843467", "parDelegation": "false", "numPlace": "402", "causePositionVote": "PAN"}}, "pours": null, "contres": {"votant": [{"acteurRef": "PA795950", "mandatRef": "PM843419", "parDelegation": "false", "numPlace": "259"}, {"acteurRef": "PA794330", "mandatRef": "PM842945", "parDelegation": "true", "numPlace": "397"}, {"acteurRef": "PA794798", "mandatRef": "PM843188", "parDelegation": "false", "numPlace": "365"}, {"acteurRef": "PA719472", "mandatRef": "PM842720", "parDelegation": "false", "numPlace": "282"}, {"acteurRef": "PA722366", "mandatRef": "PM843299", "parDelegation": "false", "numPlace": "294"}, {"acteurRef": "PA794802", "mandatRef": "PM843191", "parDelegation": "false", "numPlace": "364"}, {"acteurRef": "PA795920", "mandatRef": "PM843653", "parDelegation": "false", "numPlace": "274"}, {"acteurRef": "PA842147", "mandatRef": "PM849135", "parDelegation": "false", "numPlace": "400"}, {"acteurRef": "PA719632", "mandatRef": "PM842828", "parDelegation": "false", "numPlace": "378"}]}, "abstentions": null}}}, {"organeRef": "PO845413", "nombreMembresGroupe": "71", "vote": {"positionMajoritaire": "pour", "decompteVoix": {"nonVotants": "0", "pour": "28", "contre": "0", "abstentions": "0", "nonVotantsVolontaires": "0"}, "decompteNominatif": {"nonVotants": null, "pours": {"votant": [{"acteurRef": "PA793262", "mandatRef": "PM842438", "parDelegation": "false", "numPlace": "571"}, {"acteurRef": "PA794138", "mandatRef": "PM842909", "parDelegation": "false", "numPlace": "526"}, {"acteurRef": "PA841657", "mandatRef": "PM843224", "parDelegation": "false", "numPlace": "518"}, {"acteurRef": "PA793772", "mandatRef": "PM842708", "parDelegation": "false", "numPlace": "557"}, {"acteurRef": "PA795616", "mandatRef": "PM840462", "parDelegation": "false", "numPlace": "604"}, {"acteurRef": "PA796090", "mandatRef": "PM840372", "parDelegation": "true", "numPlace": "528"}, {"acteurRef": "PA842037", "mandatRef": "PM843578", "parDelegation": "false", "numPlace": "620"}, {"acteurRef": "PA791812", "mandatRef": "PM840384", "parDelegation": "false", "numPlace": "527"}, {"acteurRef": "PA793736", "mandatRef": "PM842693", "parDelegation": "false", "numPlace": "636"}, {"acteurRef": "PA721202", "mandatRef": "PM840435", "parDelegation": "false", "numPlace": "549"}, {"acteurRef": "PA795136", "mandatRef": "PM843353", "parDelegation": "false", "numPlace": "599"}, {"acteurRef": "PA795200", "mandatRef": "PM843386", "parDelegation": "false", "numPlace": "536"}, {"acteurRef": "PA841251", "mandatRef": "PM842837", "parDelegation": "false", "numPlace": "629"}, {"acteurRef": "PA841845", "mandatRef": "PM843407", "parDelegation": "false", "numPlace": "648"}, {"acteurRef": "PA793744", "mandatRef": "PM842696", "parDelegation": "false", "numPlace": "561"}, {"acteurRef": "PA794166", "mandatRef": "PM842924", "parDelegation": "true", "numPlace": "603"}, {"acteurRef": "PA795310", "mandatRef": "PM840453", "parDelegation": "true", "numPlace": "634"}, {"acteurRef": "PA794082", "mandatRef": "PM842810", "parDelegation": "false", "numPlace": "611"}, {"acteurRef": "PA794130", "mandatRef": "PM840297", "parDelegation": "true", "numPlace": "537"}, {"acteurRef": "PA841515", "mandatRef": "PM843089", "parDelegation": "false", "numPlace": "594"}, {"acteurRef": "PA795108", "mandatRef": "PM843338", "parDelegation": "false", "numPlace": "538"}, {"acteurRef": "PA842029", "mandatRef": "PM843575", "parDelegation": "false", "numPlace": "607"}, {"acteurRef": "PA793532", "mandatRef": "PM842591", "parDelegation": "false", "numPlace": "650"}, {"acteurRef": "PA794686", "mandatRef": "PM843080", "parDelegation": "false", "numPlace": "628"}, {"acteurRef": "PA841215", "mandatRef": "PM842801", "parDelegation": "false", "numPlace": "597"}, {"acteurRef": "PA841191", "mandatRef": "PM842789", "parDelegation": "false", "numPlace": "639"}, {"acteurRef": "PA720892", "mandatRef": "PM840420", "parDelegation": "false", "numPlace": "623"}, {"acteurRef": "PA793756", "mandatRef": "PM840282", "parDelegation": "false", "numPlace": "555"}]}, "contres": null, "abstentions": null}}}, {"organeRef": "PO845419", "nombreMembresGroupe": "66", "vote": {"positionMajoritaire": "pour", "decompteVoix": {"nonVotants": "0", "pour": "19", "contre": "0", "abstentions": "0", "nonVotantsVolontaires": "0"}, "decompteNominatif": {"nonVotants": null, "pours": {"votant": [{"acteurRef": "PA840665", "mandatRef": "PM842336", "parDelegation": "false", "numPlace": "471"}, {"acteurRef": "PA794094", "mandatRef": "PM840291", "parDelegation": "false", "numPlace": "436"}, {"acteurRef": "PA793624", "mandatRef": "PM842564", "parDelegation": "false", "numPlace": "422"}, {"acteurRef": "PA795762", "mandatRef": "PM843767", "parDelegation": "false", "numPlace": "437"}, {"acteurRef": "PA841295", "mandatRef": "PM842882", "parDelegation": "false", "numPlace": "554"}, {"acteurRef": "PA841919", "mandatRef": "PM843479", "parDelegation": "false", "numPlace": "420"}, {"acteurRef": "PA774960", "mandatRef": "PM840417", "parDelegation": "false", "numPlace": "414"}, {"acteurRef": "PA340343", "mandatRef": "PM842351", "parDelegation": "false", "numPlace": "412"}, {"acteurRef": "PA841893", "mandatRef": "PM843449", "parDelegation": "false", "numPlace": "552"}, {"acteurRef": "PA793816", "mandatRef": "PM842657", "parDelegation": "false", "numPlace": "433"}, {"acteurRef": "PA842263", "mandatRef": "PM843773", "parDelegation": "false", "numPlace": "423"}, {"acteurRef": "PA841853", "mandatRef": "PM843413", "parDelegation": "false", "numPlace": "430"}, {"acteurRef": "PA643192", "mandatRef": "PM843152", "parDelegation": "false", "numPlace": "409"}, {"acteurRef": "PA841463", "mandatRef": "PM843047", "parDelegation": "false", "numPlace": "568"}, {"acteurRef": "PA841107", "mandatRef": "PM842717", "parDelegation": "false", "numPlace": "474"}, {"acteurRef": "PA841381", "mandatRef": "PM842966", "parDelegation": "false", "numPlace": "463"}, {"acteurRef": "PA607553", "mandatRef": "PM843059", "parDelegation": "false", "numPlace": "413"}, {"acteurRef": "PA840955", "mandatRef": "PM842573", "parDelegation": "false", "numPlace": "444"}, {"acteurRef": "PA840673", "mandatRef": "PM842339", "parDelegation": "false", "numPlace": "472"}]}, "contres": null, "abstentions": null}}}, {"organeRef": "PO845425", "nombreMembresGroupe": "47", "vote": {"positionMajoritaire": "contre", "decompteVoix": {"nonVotants": "1", "pour": "0", "contre": "3", "abstentions": "0", "nonVotantsVolontaires": "0"}, "decompteNominatif": {"nonVotants": {"votant": {"acteurRef": "PA330008", "mandatRef": "PM842366", "parDelegation": "false", "numPlace": "171", "causePositionVote": "PSE"}}, "pours": null, "contres": {"votant": [{"acteurRef": "PA608016", "mandatRef": "PM843155", "parDelegation": "false", "numPlace": "173"}, {"acteurRef": "PA408578", "mandatRef": "PM843662", "parDelegation": "false", "numPlace": "209"}, {"acteurRef": "PA840979", "mandatRef": "PM842588", "parDelegation": "false", "numPlace": "211"}]}, "abstentions": null}}}, {"organeRef": "PO845439", "nombreMembresGroupe": "38", "vote": {"positionMajoritaire": "pour", "decompteVoix": {"nonVotants": "0", "pour": "11", "contre": "0", "abstentions": "0", "nonVotantsVolontaires": "0"}, "decompteNominatif": {"nonVotants": null, "pours": {"votant": [{"acteurRef": "PA841507", "mandatRef": "PM843086", "parDelegation": "false", "numPlace": "500"}, {"acteurRef": "PA794778", "mandatRef": "PM843239", "parDelegation": "false", "numPlace": "501"}, {"acteurRef": "PA796018", "mandatRef": "PM843425", "parDelegation": "true", "numPlace": "502"}, {"acteurRef": "PA842045", "mandatRef": "PM843581", "parDelegation": "false", "numPlace": "506"}, {"acteurRef": "PA606545", "mandatRef": "PM842729", "parDelegation": "false", "numPlace": "513"}, {"acteurRef": "PA794008", "mandatRef": "PM842768", "parDelegation": "false", "numPlace": "515"}, {"acteurRef": "PA793664", "mandatRef": "PM842549", "parDelegation": "false", "numPlace": "522"}, {"acteurRef": "PA841701", "mandatRef": "PM843269", "parDelegation": "false", "numPlace": "523"}, {"acteurRef": "PA841223", "mandatRef": "PM842804", "parDelegation": "false", "numPlace": "525"}, {"acteurRef": "PA795362", "mandatRef": "PM843587", "parDelegation": "true", "numPlace": "532"}, {"acteurRef": "PA840997", "mandatRef": "PM842612", "parDelegation": "false", "numPlace": "533"}]}, "contres": null, "abstentions": null}}}, {"organeRef": "PO845454", "nombreMembresGroupe": "36", "vote": {"positionMajoritaire": "contre", "decompteVoix": {"nonVotants": "0", "pour": "0", "contre": "6", "abstentions": "0", "nonVotantsVolontaires": "0"}, "decompteNominatif": {"nonVotants": null, "pours": null, "contres": {"votant": [{"acteurRef": "PA720720", "mandatRef": "PM843254", "parDelegation": "false", "numPlace": "330"}, {"acteurRef": "PA719822", "mandatRef": "PM842762", "parDelegation": "true", "numPlace": "334"}, {"acteurRef": "PA720728", "mandatRef": "PM843257", "parDelegation": "false", "numPlace": "339"}, {"acteurRef": "PA719024", "mandatRef": "PM842390", "parDelegation": "false", "numPlace": "344"}, {"acteurRef": "PA721234", "mandatRef": "PM843692", "parDelegation": "false", "numPlace": "352"}, {"acteurRef": "PA805166", "mandatRef": "PM849145", "parDelegation": "true", "numPlace": "358"}]}, "abstentions": null}}}, {"organeRef": "PO845470", "nombreMembresGroupe": "34", "vote": {"positionMajoritaire": "contre", "decompteVoix": {"nonVotants": "0", "pour": "0", "contre": "5", "abstentions": "0", "nonVotantsVolontaires": "0"}, "decompteNominatif": {"nonVotants": null, "pours": null, "contres": {"votant": [{"acteurRef": "PA794470", "mandatRef": "PM843104", "parDelegation": "false", "numPlace": "225"}, {"acteurRef": "PA720138", "mandatRef": "PM842846", "parDelegation": "false", "numPlace": "227"}, {"acteurRef": "PA842125", "mandatRef": "PM843641", "parDelegation": "false", "numPlace": "228"}, {"acteurRef": "PA841013", "mandatRef": "PM849137", "parDelegation": "false", "numPlace": "230"}, {"acteurRef": "PA720230", "mandatRef": "PM842984", "parDelegation": "false", "numPlace": "238"}]}, "abstentions": null}}}, {"organeRef": "PO845485", "nombreMembresGroupe": "23", "vote": {"positionMajoritaire": "contre", "decompteVoix": {"nonVotants": "0", "pour": "0", "contre": "3", "abstentions": "0", "nonVotantsVolontaires": "0"}, "decompteNominatif": {"nonVotants": null, "pours": null, "contres": {"votant": [{"acteurRef": "PA942", "mandatRef": "PM842987", "parDelegation": "false", "numPlace": "383"}, {"acteurRef": "PA840817", "mandatRef": "PM842483", "parDelegation": "false", "numPlace": "393"}, {"acteurRef": "PA267763", "mandatRef": "PM843125", "parDelegation": "false", "numPlace": "479"}]}, "abstentions": null}}}, {"organeRef": "PO845514", "nombreMembresGroupe": "17", "vote": {"positionMajoritaire": "pour", "decompteVoix": {"nonVotants": "0", "pour": "2", "contre": "0", "abstentions": "0", "nonVotantsVolontaires": "0"}, "decompteNominatif": {"nonVotants": null, "pours": {"votant": [{"acteurRef": "PA774962", "mandatRef": "PM843731", "parDelegation": "true", "numPlace": "576"}, {"acteurRef": "PA842271", "mandatRef": "PM843776", "parDelegation": "false", "numPlace": "584"}]}, "contres": null, "abstentions": null}}}, {"organeRef": "PO847173", "nombreMembresGroupe": "16", "vote": {"positionMajoritaire": "contre", "decompteVoix": {"nonVotants": "0", "pour": "0", "contre": "2", "abstentions": "0", "nonVotantsVolontaires": "0"}, "decompteNominatif": {"nonVotants": null, "pours": null, "contres": {"votant": [{"acteurRef": "PA841769", "mandatRef": "PM843323", "parDelegation": "false", "numPlace": "096"}, {"acteurRef": "PA841067", "mandatRef": "PM842687", "parDelegation": "false", "numPlace": "113"}]}, "abstentions": null}}}, {"organeRef": "PO840056", "nombreMembresGroupe": "8", "vote": {"positionMajoritaire": "contre", "decompteVoix": {"nonVotants": "0", "pour": "0", "contre": "1", "abstentions": "0", "nonVotantsVolontaires": "0"}, "decompteNominatif": {"nonVotants": null, "pours": null, "contres": {"votant": {"acteurRef": "PA643175", "mandatRef": "PM842840", "parDelegation": "false", "numPlace": "403"}}, "abstentions": null}}}]}}}, "miseAuPoint": {"nonVotants": [null, null], "pours": null, "abstentions": [null, null], "nonVotantsVolontaires": [null, null], "contres": null, "dysfonctionnement": {"nonVotants": null, "pour": null, "contre": null, "abstentions": null, "nonVotantsVolontaires": null}}, "lieuVote": "H\u00e9micycle"}}