{"scrutin": {"@xmlns": "http://schemas.assemblee-nationale.fr/referentiel", "@xmlns:xsi": "http://www.w3.org/2001/XMLSchema-instance", "uid": "VTANR5L17V243", "numero": "243", "organeRef": "PO838901", "legislature": "17", "sessionRef": "SCR5A2025O1", "seanceRef": "RUANR5L17S2025IDS28651", "dateScrutin": "2024-11-04", "quantiemeJourSeance": "3", "typeVote": {"codeTypeVote": "SPO", "libelleTypeVote": "scrutin public ordinaire", "typeMajorite": "Majorit\u00e9 absolue des suffrages exprim\u00e9s"}, "sort": {"code": "adopt\u00e9", "libelle": "l'Assembl\u00e9e nationale a adopt\u00e9"}, "titre": "l'amendement n\u00b0 1829 de M. Davi apr\u00e8s l'article 15 du projet de loi de financement de la s\u00e9curit\u00e9 sociale pour 2025 (premi\u00e8re lecture).", "demandeur": {"texte": "Pr\u00e9sidente du groupe \"\u00c9cologiste et Social\"", "referenceLegislative": null}, "objet": {"libelle": "l'amendement n\u00b0 1829 de M. Davi apr\u00e8s l'article 15 du projet de loi de financement de la s\u00e9curit\u00e9 sociale pour 2025 (premi\u00e8re lecture).", "dossierLegislatif": null, "referenceLegislative": null}, "modePublicationDesVotes": "DecompteNominatif", "syntheseVote": {"nombreVotants": "199", "suffragesExprimes": "199", "nbrSuffragesRequis": "100", "annonce": "l'Assembl\u00e9e nationale a adopt\u00e9", "decompte": {"nonVotants": "2", "pour": "199", "contre": "0", "abstentions": "0", "nonVotantsVolontaires": "0"}}, "ventilationVotes": {"organe": {"organeRef": "PO838901", "groupes": {"groupe": [{"organeRef": "PO845401", "nombreMembresGroupe": "125", "vote": {"positionMajoritaire": "pour", "decompteVoix": {"nonVotants": "0", "pour": "67", "contre": "0", "abstentions": "0", "nonVotantsVolontaires": "0"}, "decompteNominatif": {"nonVotants": null, "pours": {"votant": [{"acteurRef": "PA841495", "mandatRef": "PM843065", "parDelegation": "false", "numPlace": "010"}, {"acteurRef": "PA842279", "mandatRef": "PM843779", "parDelegation": "false", "numPlace": "026"}, {"acteurRef": "PA793238", "mandatRef": "PM842426", "parDelegation": "true", "numPlace": "073"}, {"acteurRef": "PA793374", "mandatRef": "PM842477", "parDelegation": "false", "numPlace": "052"}, {"acteurRef": "PA793158", "mandatRef": "PM840258", "parDelegation": "false", "numPlace": "075"}, {"acteurRef": "PA794434", "mandatRef": "PM842990", "parDelegation": "false", "numPlace": "084"}, {"acteurRef": "PA720668", "mandatRef": "PM840342", "parDelegation": "false", "numPlace": "060"}, {"acteurRef": "PA796042", "mandatRef": "PM843428", "parDelegation": "false", "numPlace": "017"}, {"acteurRef": "PA793844", "mandatRef": "PM842681", "parDelegation": "false", "numPlace": "135"}, {"acteurRef": "PA841131", "mandatRef": "PM842735", "parDelegation": "false", "numPlace": "124"}, {"acteurRef": "PA840075", "mandatRef": "PM840255", "parDelegation": "false", "numPlace": "067"}, {"acteurRef": "PA841613", "mandatRef": "PM843170", "parDelegation": "false", "numPlace": "144"}, {"acteurRef": "PA642988", "mandatRef": "PM840414", "parDelegation": "false", "numPlace": "095"}, {"acteurRef": "PA793928", "mandatRef": "PM840294", "parDelegation": "false", "numPlace": "033"}, {"acteurRef": "PA794762", "mandatRef": "PM843233", "parDelegation": "false", "numPlace": "059"}, {"acteurRef": "PA793146", "mandatRef": "PM840252", "parDelegation": "false", "numPlace": "120"}, {"acteurRef": "PA842073", "mandatRef": "PM843611", "parDelegation": "false", "numPlace": "027"}, {"acteurRef": "PA794718", "mandatRef": "PM840348", "parDelegation": "true", "numPlace": "140"}, {"acteurRef": "PA841621", "mandatRef": "PM843173", "parDelegation": "false", "numPlace": "143"}, {"acteurRef": "PA840143", "mandatRef": "PM840336", "parDelegation": "false", "numPlace": "130"}, {"acteurRef": "PA794678", "mandatRef": "PM840312", "parDelegation": "false", "numPlace": "048"}, {"acteurRef": "PA841139", "mandatRef": "PM842741", "parDelegation": "false", "numPlace": "049"}, {"acteurRef": "PA793892", "mandatRef": "PM842738", "parDelegation": "false", "numPlace": "063"}, {"acteurRef": "PA793102", "mandatRef": "PM842330", "parDelegation": "false", "numPlace": "153"}, {"acteurRef": "PA841605", "mandatRef": "PM843167", "parDelegation": "false", "numPlace": "079"}, {"acteurRef": "PA794894", "mandatRef": "PM840351", "parDelegation": "false", "numPlace": "138"}, {"acteurRef": "PA794954", "mandatRef": "PM840357", "parDelegation": "false", "numPlace": "003"}, {"acteurRef": "PA841777", "mandatRef": "PM843326", "parDelegation": "false", "numPlace": "002"}, {"acteurRef": "PA796050", "mandatRef": "PM840411", "parDelegation": "false", "numPlace": "015"}, {"acteurRef": "PA795778", "mandatRef": "PM843509", "parDelegation": "false", "numPlace": "035"}, {"acteurRef": "PA793298", "mandatRef": "PM842360", "parDelegation": "false", "numPlace": "150"}, {"acteurRef": "PA840781", "mandatRef": "PM842459", "parDelegation": "false", "numPlace": "085"}, {"acteurRef": "PA841479", "mandatRef": "PM843053", "parDelegation": "false", "numPlace": "118"}, {"acteurRef": "PA794734", "mandatRef": "PM843146", "parDelegation": "false", "numPlace": "008"}, {"acteurRef": "PA793218", "mandatRef": "PM840267", "parDelegation": "false", "numPlace": "127"}, {"acteurRef": "PA795900", "mandatRef": "PM843524", "parDelegation": "false", "numPlace": "006"}, {"acteurRef": "PA793632", "mandatRef": "PM842627", "parDelegation": "false", "numPlace": "082"}, {"acteurRef": "PA842085", "mandatRef": "PM843617", "parDelegation": "false", "numPlace": "081"}, {"acteurRef": "PA841439", "mandatRef": "PM843023", "parDelegation": "false", "numPlace": "149"}, {"acteurRef": "PA841749", "mandatRef": "PM843305", "parDelegation": "true", "numPlace": "011"}, {"acteurRef": "PA841075", "mandatRef": "PM842690", "parDelegation": "false", "numPlace": "018"}, {"acteurRef": "PA840869", "mandatRef": "PM842522", "parDelegation": "false", "numPlace": "047"}, {"acteurRef": "PA841837", "mandatRef": "PM843404", "parDelegation": "false", "numPlace": "116"}, {"acteurRef": "PA796026", "mandatRef": "PM840390", "parDelegation": "false", "numPlace": "053"}, {"acteurRef": "PA840857", "mandatRef": "PM842516", "parDelegation": "false", "numPlace": "119"}, {"acteurRef": "PA841873", "mandatRef": "PM843434", "parDelegation": "false", "numPlace": "122"}, {"acteurRef": "PA840967", "mandatRef": "PM842579", "parDelegation": "false", "numPlace": "154"}, {"acteurRef": "PA793672", "mandatRef": "PM842555", "parDelegation": "false", "numPlace": "031"}, {"acteurRef": "PA793904", "mandatRef": "PM840288", "parDelegation": "false", "numPlace": "125"}, {"acteurRef": "PA721932", "mandatRef": "PM843632", "parDelegation": "false", "numPlace": "147"}, {"acteurRef": "PA794590", "mandatRef": "PM840303", "parDelegation": "false", "numPlace": "123"}, {"acteurRef": "PA841587", "mandatRef": "PM843149", "parDelegation": "false", "numPlace": "013"}, {"acteurRef": "PA841825", "mandatRef": "PM843392", "parDelegation": "false", "numPlace": "155"}, {"acteurRef": "PA794770", "mandatRef": "PM843236", "parDelegation": "false", "numPlace": "078"}, {"acteurRef": "PA793330", "mandatRef": "PM840249", "parDelegation": "false", "numPlace": "109"}, {"acteurRef": "PA793616", "mandatRef": "PM842561", "parDelegation": "false", "numPlace": "030"}, {"acteurRef": "PA719436", "mandatRef": "PM840279", "parDelegation": "false", "numPlace": "020"}, {"acteurRef": "PA793354", "mandatRef": "PM842462", "parDelegation": "false", "numPlace": "012"}, {"acteurRef": "PA794322", "mandatRef": "PM842942", "parDelegation": "false", "numPlace": "040"}, {"acteurRef": "PA793852", "mandatRef": "PM842684", "parDelegation": "true", "numPlace": "145"}, {"acteurRef": "PA793696", "mandatRef": "PM842519", "parDelegation": "false", "numPlace": "058"}, {"acteurRef": "PA794582", "mandatRef": "PM840300", "parDelegation": "false", "numPlace": "101"}, {"acteurRef": "PA793656", "mandatRef": "PM842546", "parDelegation": "false", "numPlace": "057"}, {"acteurRef": "PA795966", "mandatRef": "PM843530", "parDelegation": "false", "numPlace": "076"}, {"acteurRef": "PA841981", "mandatRef": "PM843533", "parDelegation": "false", "numPlace": "041"}, {"acteurRef": "PA842227", "mandatRef": "PM843734", "parDelegation": "false", "numPlace": "032"}, {"acteurRef": "PA795410", "mandatRef": "PM843440", "parDelegation": "false", "numPlace": "152"}]}, "contres": null, "abstentions": null}}}, {"organeRef": "PO845407", "nombreMembresGroupe": "94", "vote": {"positionMajoritaire": "pour", "decompteVoix": {"nonVotants": "1", "pour": "19", "contre": "0", "abstentions": "0", "nonVotantsVolontaires": "0"}, "decompteNominatif": {"nonVotants": {"votant": {"acteurRef": "PA721908", "mandatRef": "PM843467", "parDelegation": "false", "numPlace": "402", "causePositionVote": "PAN"}}, "pours": {"votant": [{"acteurRef": "PA795950", "mandatRef": "PM843419", "parDelegation": "false", "numPlace": "259"}, {"acteurRef": "PA722190", "mandatRef": "PM843659", "parDelegation": "false", "numPlace": "267"}, {"acteurRef": "PA794330", "mandatRef": "PM842945", "parDelegation": "true", "numPlace": "397"}, {"acteurRef": "PA719890", "mandatRef": "PM842855", "parDelegation": "false", "numPlace": "257"}, {"acteurRef": "PA721750", "mandatRef": "PM843647", "parDelegation": "false", "numPlace": "301"}, {"acteurRef": "PA719118", "mandatRef": "PM842501", "parDelegation": "false", "numPlace": "290"}, {"acteurRef": "PA794982", "mandatRef": "PM843329", "parDelegation": "true", "numPlace": "272"}, {"acteurRef": "PA720154", "mandatRef": "PM842852", "parDelegation": "false", "numPlace": "314"}, {"acteurRef": "PA794658", "mandatRef": "PM843164", "parDelegation": "false", "numPlace": "308"}, {"acteurRef": "PA793270", "mandatRef": "PM842441", "parDelegation": "false", "numPlace": "303"}, {"acteurRef": "PA719550", "mandatRef": "PM842660", "parDelegation": "true", "numPlace": "265"}, {"acteurRef": "PA721584", "mandatRef": "PM843518", "parDelegation": "false", "numPlace": "248"}, {"acteurRef": "PA842147", "mandatRef": "PM849135", "parDelegation": "false", "numPlace": "400"}, {"acteurRef": "PA840713", "mandatRef": "PM849139", "parDelegation": "false", "numPlace": "321"}, {"acteurRef": "PA841709", "mandatRef": "PM849151", "parDelegation": "false", "numPlace": "322"}, {"acteurRef": "PA267200", "mandatRef": "PM843098", "parDelegation": "false", "numPlace": "380"}, {"acteurRef": "PA719756", "mandatRef": "PM842813", "parDelegation": "false", "numPlace": "280"}, {"acteurRef": "PA817203", "mandatRef": "PM842978", "parDelegation": "false", "numPlace": "285"}, {"acteurRef": "PA720066", "mandatRef": "PM842933", "parDelegation": "false", "numPlace": "260"}]}, "contres": null, "abstentions": null}}}, {"organeRef": "PO845413", "nombreMembresGroupe": "71", "vote": {"positionMajoritaire": "pour", "decompteVoix": {"nonVotants": "0", "pour": "27", "contre": "0", "abstentions": "0", "nonVotantsVolontaires": "0"}, "decompteNominatif": {"nonVotants": null, "pours": {"votant": [{"acteurRef": "PA793262", "mandatRef": "PM842438", "parDelegation": "false", "numPlace": "571"}, {"acteurRef": "PA794906", "mandatRef": "PM843284", "parDelegation": "false", "numPlace": "544"}, {"acteurRef": "PA841657", "mandatRef": "PM843224", "parDelegation": "false", "numPlace": "518"}, {"acteurRef": "PA720430", "mandatRef": "PM843092", "parDelegation": "false", "numPlace": "601"}, {"acteurRef": "PA793772", "mandatRef": "PM842708", "parDelegation": "false", "numPlace": "557"}, {"acteurRef": "PA794938", "mandatRef": "PM843308", "parDelegation": "false", "numPlace": "619"}, {"acteurRef": "PA793912", "mandatRef": "PM842795", "parDelegation": "false", "numPlace": "621"}, {"acteurRef": "PA842037", "mandatRef": "PM843578", "parDelegation": "false", "numPlace": "620"}, {"acteurRef": "PA793736", "mandatRef": "PM842693", "parDelegation": "false", "numPlace": "636"}, {"acteurRef": "PA795136", "mandatRef": "PM843353", "parDelegation": "false", "numPlace": "599"}, {"acteurRef": "PA795844", "mandatRef": "PM843515", "parDelegation": "false", "numPlace": "546"}, {"acteurRef": "PA794786", "mandatRef": "PM843242", "parDelegation": "false", "numPlace": "547"}, {"acteurRef": "PA841845", "mandatRef": "PM843407", "parDelegation": "false", "numPlace": "648"}, {"acteurRef": "PA795466", "mandatRef": "PM843443", "parDelegation": "false", "numPlace": "572"}, {"acteurRef": "PA793744", "mandatRef": "PM842696", "parDelegation": "false", "numPlace": "561"}, {"acteurRef": "PA841947", "mandatRef": "PM843503", "parDelegation": "false", "numPlace": "559"}, {"acteurRef": "PA794082", "mandatRef": "PM842810", "parDelegation": "false", "numPlace": "611"}, {"acteurRef": "PA720846", "mandatRef": "PM840441", "parDelegation": "true", "numPlace": "614"}, {"acteurRef": "PA795516", "mandatRef": "PM843452", "parDelegation": "false", "numPlace": "596"}, {"acteurRef": "PA795746", "mandatRef": "PM843584", "parDelegation": "false", "numPlace": "645"}, {"acteurRef": "PA795108", "mandatRef": "PM843338", "parDelegation": "false", "numPlace": "538"}, {"acteurRef": "PA793532", "mandatRef": "PM842591", "parDelegation": "false", "numPlace": "650"}, {"acteurRef": "PA795422", "mandatRef": "PM843599", "parDelegation": "false", "numPlace": "644"}, {"acteurRef": "PA841215", "mandatRef": "PM842801", "parDelegation": "false", "numPlace": "597"}, {"acteurRef": "PA795482", "mandatRef": "PM843605", "parDelegation": "false", "numPlace": "642"}, {"acteurRef": "PA817211", "mandatRef": "PM842600", "parDelegation": "false", "numPlace": "520"}, {"acteurRef": "PA719578", "mandatRef": "PM842618", "parDelegation": "false", "numPlace": "626"}]}, "contres": null, "abstentions": null}}}, {"organeRef": "PO845419", "nombreMembresGroupe": "66", "vote": {"positionMajoritaire": "pour", "decompteVoix": {"nonVotants": "0", "pour": "25", "contre": "0", "abstentions": "0", "nonVotantsVolontaires": "0"}, "decompteNominatif": {"nonVotants": null, "pours": {"votant": [{"acteurRef": "PA840665", "mandatRef": "PM842336", "parDelegation": "false", "numPlace": "471"}, {"acteurRef": "PA643143", "mandatRef": "PM843761", "parDelegation": "false", "numPlace": "440"}, {"acteurRef": "PA842211", "mandatRef": "PM843716", "parDelegation": "false", "numPlace": "418"}, {"acteurRef": "PA795762", "mandatRef": "PM843767", "parDelegation": "false", "numPlace": "437"}, {"acteurRef": "PA608264", "mandatRef": "PM843179", "parDelegation": "false", "numPlace": "475"}, {"acteurRef": "PA793394", "mandatRef": "PM842486", "parDelegation": "true", "numPlace": "453"}, {"acteurRef": "PA841665", "mandatRef": "PM843227", "parDelegation": "false", "numPlace": "487"}, {"acteurRef": "PA333285", "mandatRef": "PM843038", "parDelegation": "false", "numPlace": "434"}, {"acteurRef": "PA840939", "mandatRef": "PM842567", "parDelegation": "false", "numPlace": "450"}, {"acteurRef": "PA841539", "mandatRef": "PM843119", "parDelegation": "false", "numPlace": "462"}, {"acteurRef": "PA331973", "mandatRef": "PM842624", "parDelegation": "false", "numPlace": "441"}, {"acteurRef": "PA840171", "mandatRef": "PM840360", "parDelegation": "false", "numPlace": "419"}, {"acteurRef": "PA841717", "mandatRef": "PM843278", "parDelegation": "false", "numPlace": "564"}, {"acteurRef": "PA841091", "mandatRef": "PM842705", "parDelegation": "false", "numPlace": "473"}, {"acteurRef": "PA841681", "mandatRef": "PM843245", "parDelegation": "false", "numPlace": "457"}, {"acteurRef": "PA1567", "mandatRef": "PM843572", "parDelegation": "false", "numPlace": "417"}, {"acteurRef": "PA842263", "mandatRef": "PM843773", "parDelegation": "false", "numPlace": "423"}, {"acteurRef": "PA841463", "mandatRef": "PM843047", "parDelegation": "false", "numPlace": "568"}, {"acteurRef": "PA643157", "mandatRef": "PM843728", "parDelegation": "false", "numPlace": "429"}, {"acteurRef": "PA840793", "mandatRef": "PM842468", "parDelegation": "false", "numPlace": "446"}, {"acteurRef": "PA607553", "mandatRef": "PM843059", "parDelegation": "false", "numPlace": "413"}, {"acteurRef": "PA840955", "mandatRef": "PM842573", "parDelegation": "false", "numPlace": "444"}, {"acteurRef": "PA341981", "mandatRef": "PM842822", "parDelegation": "false", "numPlace": "438"}, {"acteurRef": "PA342196", "mandatRef": "PM842807", "parDelegation": "false", "numPlace": "431"}, {"acteurRef": "PA841327", "mandatRef": "PM842915", "parDelegation": "false", "numPlace": "460"}]}, "contres": null, "abstentions": null}}}, {"organeRef": "PO845425", "nombreMembresGroupe": "47", "vote": {"positionMajoritaire": "pour", "decompteVoix": {"nonVotants": "1", "pour": "15", "contre": "0", "abstentions": "0", "nonVotantsVolontaires": "0"}, "decompteNominatif": {"nonVotants": {"votant": {"acteurRef": "PA330008", "mandatRef": "PM842366", "parDelegation": "false", "numPlace": "171", "causePositionVote": "PSE"}}, "pours": {"votant": [{"acteurRef": "PA642847", "mandatRef": "PM843056", "parDelegation": "false", "numPlace": "165"}, {"acteurRef": "PA342240", "mandatRef": "PM842819", "parDelegation": "false", "numPlace": "192"}, {"acteurRef": "PA722390", "mandatRef": "PM843317", "parDelegation": "false", "numPlace": "181"}, {"acteurRef": "PA332523", "mandatRef": "PM842858", "parDelegation": "false", "numPlace": "168"}, {"acteurRef": "PA720386", "mandatRef": "PM843020", "parDelegation": "false", "numPlace": "167"}, {"acteurRef": "PA608826", "mandatRef": "PM843365", "parDelegation": "false", "numPlace": "185"}, {"acteurRef": "PA642725", "mandatRef": "PM849129", "parDelegation": "false", "numPlace": "205"}, {"acteurRef": "PA722328", "mandatRef": "PM849127", "parDelegation": "false", "numPlace": "164"}, {"acteurRef": "PA794058", "mandatRef": "PM842861", "parDelegation": "false", "numPlace": "177"}, {"acteurRef": "PA840979", "mandatRef": "PM842588", "parDelegation": "false", "numPlace": "211"}, {"acteurRef": "PA695512", "mandatRef": "PM842963", "parDelegation": "false", "numPlace": "207"}, {"acteurRef": "PA793342", "mandatRef": "PM842345", "parDelegation": "false", "numPlace": "204"}, {"acteurRef": "PA794038", "mandatRef": "PM842783", "parDelegation": "false", "numPlace": "186"}, {"acteurRef": "PA721442", "mandatRef": "PM843362", "parDelegation": "false", "numPlace": "197"}, {"acteurRef": "PA793094", "mandatRef": "PM842327", "parDelegation": "false", "numPlace": "189"}]}, "contres": null, "abstentions": null}}}, {"organeRef": "PO845439", "nombreMembresGroupe": "38", "vote": {"positionMajoritaire": "pour", "decompteVoix": {"nonVotants": "0", "pour": "12", "contre": "0", "abstentions": "0", "nonVotantsVolontaires": "0"}, "decompteNominatif": {"nonVotants": null, "pours": {"votant": [{"acteurRef": "PA721210", "mandatRef": "PM843677", "parDelegation": "false", "numPlace": "497"}, {"acteurRef": "PA794154", "mandatRef": "PM842918", "parDelegation": "false", "numPlace": "498"}, {"acteurRef": "PA841507", "mandatRef": "PM843086", "parDelegation": "false", "numPlace": "500"}, {"acteurRef": "PA794778", "mandatRef": "PM843239", "parDelegation": "false", "numPlace": "501"}, {"acteurRef": "PA795076", "mandatRef": "PM840366", "parDelegation": "false", "numPlace": "508"}, {"acteurRef": "PA794146", "mandatRef": "PM842912", "parDelegation": "true", "numPlace": "511"}, {"acteurRef": "PA795636", "mandatRef": "PM843476", "parDelegation": "true", "numPlace": "514"}, {"acteurRef": "PA610968", "mandatRef": "PM840381", "parDelegation": "true", "numPlace": "516"}, {"acteurRef": "PA793452", "mandatRef": "PM842453", "parDelegation": "false", "numPlace": "524"}, {"acteurRef": "PA793980", "mandatRef": "PM842750", "parDelegation": "false", "numPlace": "530"}, {"acteurRef": "PA795362", "mandatRef": "PM843587", "parDelegation": "false", "numPlace": "532"}, {"acteurRef": "PA841713", "mandatRef": "PM843275", "parDelegation": "false", "numPlace": "540"}]}, "contres": null, "abstentions": null}}}, {"organeRef": "PO845454", "nombreMembresGroupe": "36", "vote": {"positionMajoritaire": "pour", "decompteVoix": {"nonVotants": "0", "pour": "11", "contre": "0", "abstentions": "0", "nonVotantsVolontaires": "0"}, "decompteNominatif": {"nonVotants": null, "pours": {"votant": [{"acteurRef": "PA794810", "mandatRef": "PM843194", "parDelegation": "false", "numPlace": "335"}, {"acteurRef": "PA331582", "mandatRef": "PM842639", "parDelegation": "false", "numPlace": "337"}, {"acteurRef": "PA794702", "mandatRef": "PM843248", "parDelegation": "false", "numPlace": "340"}, {"acteurRef": "PA795374", "mandatRef": "PM843593", "parDelegation": "false", "numPlace": "341"}, {"acteurRef": "PA719938", "mandatRef": "PM842873", "parDelegation": "false", "numPlace": "342"}, {"acteurRef": "PA719024", "mandatRef": "PM842390", "parDelegation": "false", "numPlace": "344"}, {"acteurRef": "PA267318", "mandatRef": "PM843341", "parDelegation": "false", "numPlace": "347"}, {"acteurRef": "PA721234", "mandatRef": "PM843692", "parDelegation": "false", "numPlace": "352"}, {"acteurRef": "PA722374", "mandatRef": "PM843302", "parDelegation": "false", "numPlace": "353"}, {"acteurRef": "PA805166", "mandatRef": "PM849145", "parDelegation": "false", "numPlace": "358"}, {"acteurRef": "PA720256", "mandatRef": "PM843041", "parDelegation": "false", "numPlace": "371"}]}, "contres": null, "abstentions": null}}}, {"organeRef": "PO845470", "nombreMembresGroupe": "34", "vote": {"positionMajoritaire": "pour", "decompteVoix": {"nonVotants": "0", "pour": "10", "contre": "0", "abstentions": "0", "nonVotantsVolontaires": "0"}, "decompteNominatif": {"nonVotants": null, "pours": {"votant": [{"acteurRef": "PA722070", "mandatRef": "PM843548", "parDelegation": "false", "numPlace": "239"}, {"acteurRef": "PA841431", "mandatRef": "PM843017", "parDelegation": "false", "numPlace": "243"}, {"acteurRef": "PA794466", "mandatRef": "PM849654", "parDelegation": "false", "numPlace": "245"}, {"acteurRef": "PA721458", "mandatRef": "PM843371", "parDelegation": "false", "numPlace": "317"}, {"acteurRef": "PA332228", "mandatRef": "PM842816", "parDelegation": "false", "numPlace": "213"}, {"acteurRef": "PA795350", "mandatRef": "PM843410", "parDelegation": "false", "numPlace": "217"}, {"acteurRef": "PA795026", "mandatRef": "PM843368", "parDelegation": "false", "numPlace": "223"}, {"acteurRef": "PA842125", "mandatRef": "PM843641", "parDelegation": "false", "numPlace": "228"}, {"acteurRef": "PA794234", "mandatRef": "PM842969", "parDelegation": "false", "numPlace": "231"}, {"acteurRef": "PA720230", "mandatRef": "PM842984", "parDelegation": "false", "numPlace": "238"}]}, "contres": null, "abstentions": null}}}, {"organeRef": "PO845485", "nombreMembresGroupe": "23", "vote": {"positionMajoritaire": "pour", "decompteVoix": {"nonVotants": "0", "pour": "4", "contre": "0", "abstentions": "0", "nonVotantsVolontaires": "0"}, "decompteNominatif": {"nonVotants": null, "pours": {"votant": [{"acteurRef": "PA822617", "mandatRef": "PM840264", "parDelegation": "false", "numPlace": "465"}, {"acteurRef": "PA719286", "mandatRef": "PM842669", "parDelegation": "false", "numPlace": "468"}, {"acteurRef": "PA720976", "mandatRef": "PM843764", "parDelegation": "false", "numPlace": "483"}, {"acteurRef": "PA793796", "mandatRef": "PM842723", "parDelegation": "false", "numPlace": "484"}]}, "contres": null, "abstentions": null}}}, {"organeRef": "PO845514", "nombreMembresGroupe": "17", "vote": {"positionMajoritaire": "pour", "decompteVoix": {"nonVotants": "0", "pour": "3", "contre": "0", "abstentions": "0", "nonVotantsVolontaires": "0"}, "decompteNominatif": {"nonVotants": null, "pours": {"votant": [{"acteurRef": "PA774962", "mandatRef": "PM843731", "parDelegation": "true", "numPlace": "576"}, {"acteurRef": "PA335612", "mandatRef": "PM843398", "parDelegation": "false", "numPlace": "586"}, {"acteurRef": "PA793174", "mandatRef": "PM842384", "parDelegation": "false", "numPlace": "588"}]}, "contres": null, "abstentions": null}}}, {"organeRef": "PO847173", "nombreMembresGroupe": "16", "vote": {"positionMajoritaire": "pour", "decompteVoix": {"nonVotants": "0", "pour": "3", "contre": "0", "abstentions": "0", "nonVotantsVolontaires": "0"}, "decompteNominatif": {"nonVotants": null, "pours": {"votant": [{"acteurRef": "PA841769", "mandatRef": "PM843323", "parDelegation": "false", "numPlace": "096"}, {"acteurRef": "PA840773", "mandatRef": "PM842456", "parDelegation": "false", "numPlace": "103"}, {"acteurRef": "PA841067", "mandatRef": "PM842687", "parDelegation": "false", "numPlace": "113"}]}, "contres": null, "abstentions": null}}}, {"organeRef": "PO840056", "nombreMembresGroupe": "8", "vote": {"positionMajoritaire": "pour", "decompteVoix": {"nonVotants": "0", "pour": "3", "contre": "0", "abstentions": "0", "nonVotantsVolontaires": "0"}, "decompteNominatif": {"nonVotants": null, "pours": {"votant": [{"acteurRef": "PA643175", "mandatRef": "PM842840", "parDelegation": "false", "numPlace": "403"}, {"acteurRef": "PA722150", "mandatRef": "PM843590", "parDelegation": "false", "numPlace": "486"}, {"acteurRef": "PA309643", "mandatRef": "PM843545", "parDelegation": "false", "numPlace": "212"}]}, "contres": null, "abstentions": null}}}]}}}, "miseAuPoint": {"nonVotants": [null, null], "pours": null, "abstentions": [null, null], "nonVotantsVolontaires": [null, null], "contres": null, "dysfonctionnement": {"nonVotants": null, "pour": null, "contre": null, "abstentions": null, "nonVotantsVolontaires": null}}, "lieuVote": "H\u00e9micycle"}}