{"scrutin": {"@xmlns": "http://schemas.assemblee-nationale.fr/referentiel", "@xmlns:xsi": "http://www.w3.org/2001/XMLSchema-instance", "uid": "VTANR5L17V273", "numero": "273", "organeRef": "PO838901", "legislature": "17", "sessionRef": "SCR5A2025O1", "seanceRef": "RUANR5L17S2025IDS28624", "dateScrutin": "2024-11-06", "quantiemeJourSeance": "1", "typeVote": {"codeTypeVote": "SPO", "libelleTypeVote": "scrutin public ordinaire", "typeMajorite": "Majorit\u00e9 absolue des suffrages exprim\u00e9s"}, "sort": {"code": "rejet\u00e9", "libelle": "L'Assembl\u00e9e nationale n'a pas adopt\u00e9"}, "titre": "l'amendement n\u00b0 3044 de M. Buisson apr\u00e8s l'article 13 du projet de loi de finances pour 2025 (premi\u00e8re lecture).", "demandeur": {"texte": "Pr\u00e9sidente de s\u00e9ance", "referenceLegislative": null}, "objet": {"libelle": "l'amendement n\u00b0 3044 de M. Buisson apr\u00e8s l'article 13 du projet de loi de finances pour 2025 (premi\u00e8re lecture).", "dossierLegislatif": null, "referenceLegislative": null}, "modePublicationDesVotes": "DecompteNominatif", "syntheseVote": {"nombreVotants": "188", "suffragesExprimes": "187", "nbrSuffragesRequis": "94", "annonce": "L'Assembl\u00e9e nationale n'a pas adopt\u00e9", "decompte": {"nonVotants": "2", "pour": "67", "contre": "120", "abstentions": "1", "nonVotantsVolontaires": "0"}}, "ventilationVotes": {"organe": {"organeRef": "PO838901", "groupes": {"groupe": [{"organeRef": "PO845401", "nombreMembresGroupe": "125", "vote": {"positionMajoritaire": "pour", "decompteVoix": {"nonVotants": "0", "pour": "65", "contre": "0", "abstentions": "0", "nonVotantsVolontaires": "0"}, "decompteNominatif": {"nonVotants": null, "pours": {"votant": [{"acteurRef": "PA841495", "mandatRef": "PM843065", "parDelegation": "false", "numPlace": "010"}, {"acteurRef": "PA793238", "mandatRef": "PM842426", "parDelegation": "false", "numPlace": "073"}, {"acteurRef": "PA793158", "mandatRef": "PM840258", "parDelegation": "false", "numPlace": "075"}, {"acteurRef": "PA796042", "mandatRef": "PM843428", "parDelegation": "false", "numPlace": "017"}, {"acteurRef": "PA841131", "mandatRef": "PM842735", "parDelegation": "false", "numPlace": "124"}, {"acteurRef": "PA793182", "mandatRef": "PM842387", "parDelegation": "false", "numPlace": "056"}, {"acteurRef": "PA793134", "mandatRef": "PM842375", "parDelegation": "false", "numPlace": "132"}, {"acteurRef": "PA794198", "mandatRef": "PM842876", "parDelegation": "false", "numPlace": "007"}, {"acteurRef": "PA840159", "mandatRef": "PM840345", "parDelegation": "false", "numPlace": "043"}, {"acteurRef": "PA795644", "mandatRef": "PM843560", "parDelegation": "true", "numPlace": "158"}, {"acteurRef": "PA841613", "mandatRef": "PM843170", "parDelegation": "false", "numPlace": "144"}, {"acteurRef": "PA793166", "mandatRef": "PM840261", "parDelegation": "false", "numPlace": "070"}, {"acteurRef": "PA793146", "mandatRef": "PM840252", "parDelegation": "false", "numPlace": "120"}, {"acteurRef": "PA840135", "mandatRef": "PM840330", "parDelegation": "false", "numPlace": "038"}, {"acteurRef": "PA841621", "mandatRef": "PM843173", "parDelegation": "false", "numPlace": "143"}, {"acteurRef": "PA793246", "mandatRef": "PM842429", "parDelegation": "false", "numPlace": "062"}, {"acteurRef": "PA840143", "mandatRef": "PM840336", "parDelegation": "false", "numPlace": "130"}, {"acteurRef": "PA840801", "mandatRef": "PM842471", "parDelegation": "false", "numPlace": "014"}, {"acteurRef": "PA794678", "mandatRef": "PM840312", "parDelegation": "false", "numPlace": "048"}, {"acteurRef": "PA841139", "mandatRef": "PM842741", "parDelegation": "false", "numPlace": "049"}, {"acteurRef": "PA793102", "mandatRef": "PM842330", "parDelegation": "false", "numPlace": "153"}, {"acteurRef": "PA841605", "mandatRef": "PM843167", "parDelegation": "false", "numPlace": "079"}, {"acteurRef": "PA793362", "mandatRef": "PM842465", "parDelegation": "false", "numPlace": "001"}, {"acteurRef": "PA794570", "mandatRef": "PM843137", "parDelegation": "false", "numPlace": "083"}, {"acteurRef": "PA794954", "mandatRef": "PM840357", "parDelegation": "false", "numPlace": "003"}, {"acteurRef": "PA841777", "mandatRef": "PM843326", "parDelegation": "false", "numPlace": "002"}, {"acteurRef": "PA795778", "mandatRef": "PM843509", "parDelegation": "false", "numPlace": "035"}, {"acteurRef": "PA794502", "mandatRef": "PM840324", "parDelegation": "false", "numPlace": "050"}, {"acteurRef": "PA841553", "mandatRef": "PM843128", "parDelegation": "false", "numPlace": "021"}, {"acteurRef": "PA840781", "mandatRef": "PM842459", "parDelegation": "false", "numPlace": "085"}, {"acteurRef": "PA841479", "mandatRef": "PM843053", "parDelegation": "false", "numPlace": "118"}, {"acteurRef": "PA840757", "mandatRef": "PM842444", "parDelegation": "false", "numPlace": "157"}, {"acteurRef": "PA793218", "mandatRef": "PM840267", "parDelegation": "false", "numPlace": "127"}, {"acteurRef": "PA795900", "mandatRef": "PM843524", "parDelegation": "false", "numPlace": "006"}, {"acteurRef": "PA793632", "mandatRef": "PM842627", "parDelegation": "false", "numPlace": "082"}, {"acteurRef": "PA842085", "mandatRef": "PM843617", "parDelegation": "false", "numPlace": "081"}, {"acteurRef": "PA841439", "mandatRef": "PM843023", "parDelegation": "false", "numPlace": "149"}, {"acteurRef": "PA841749", "mandatRef": "PM843305", "parDelegation": "false", "numPlace": "011"}, {"acteurRef": "PA841075", "mandatRef": "PM842690", "parDelegation": "false", "numPlace": "018"}, {"acteurRef": "PA840869", "mandatRef": "PM842522", "parDelegation": "false", "numPlace": "047"}, {"acteurRef": "PA841837", "mandatRef": "PM843404", "parDelegation": "false", "numPlace": "116"}, {"acteurRef": "PA796026", "mandatRef": "PM840390", "parDelegation": "false", "numPlace": "053"}, {"acteurRef": "PA793290", "mandatRef": "PM842450", "parDelegation": "false", "numPlace": "146"}, {"acteurRef": "PA840967", "mandatRef": "PM842579", "parDelegation": "false", "numPlace": "154"}, {"acteurRef": "PA793672", "mandatRef": "PM842555", "parDelegation": "false", "numPlace": "031"}, {"acteurRef": "PA794590", "mandatRef": "PM840303", "parDelegation": "false", "numPlace": "123"}, {"acteurRef": "PA841587", "mandatRef": "PM843149", "parDelegation": "false", "numPlace": "013"}, {"acteurRef": "PA841563", "mandatRef": "PM843134", "parDelegation": "false", "numPlace": "133"}, {"acteurRef": "PA840837", "mandatRef": "PM842495", "parDelegation": "false", "numPlace": "111"}, {"acteurRef": "PA841825", "mandatRef": "PM843392", "parDelegation": "false", "numPlace": "155"}, {"acteurRef": "PA793616", "mandatRef": "PM842561", "parDelegation": "false", "numPlace": "030"}, {"acteurRef": "PA719436", "mandatRef": "PM840279", "parDelegation": "true", "numPlace": "020"}, {"acteurRef": "PA795786", "mandatRef": "PM840399", "parDelegation": "true", "numPlace": "071"}, {"acteurRef": "PA793852", "mandatRef": "PM842684", "parDelegation": "true", "numPlace": "145"}, {"acteurRef": "PA793696", "mandatRef": "PM842519", "parDelegation": "false", "numPlace": "058"}, {"acteurRef": "PA794670", "mandatRef": "PM843176", "parDelegation": "false", "numPlace": "102"}, {"acteurRef": "PA841199", "mandatRef": "PM842792", "parDelegation": "false", "numPlace": "139"}, {"acteurRef": "PA794582", "mandatRef": "PM840300", "parDelegation": "false", "numPlace": "101"}, {"acteurRef": "PA793656", "mandatRef": "PM842546", "parDelegation": "false", "numPlace": "057"}, {"acteurRef": "PA795966", "mandatRef": "PM843530", "parDelegation": "false", "numPlace": "076"}, {"acteurRef": "PA793230", "mandatRef": "PM842423", "parDelegation": "false", "numPlace": "019"}, {"acteurRef": "PA793254", "mandatRef": "PM842432", "parDelegation": "false", "numPlace": "136"}, {"acteurRef": "PA841955", "mandatRef": "PM843506", "parDelegation": "false", "numPlace": "089"}, {"acteurRef": "PA794442", "mandatRef": "PM840306", "parDelegation": "false", "numPlace": "141"}, {"acteurRef": "PA795410", "mandatRef": "PM843440", "parDelegation": "false", "numPlace": "152"}]}, "contres": null, "abstentions": null}}}, {"organeRef": "PO845407", "nombreMembresGroupe": "94", "vote": {"positionMajoritaire": "contre", "decompteVoix": {"nonVotants": "1", "pour": "0", "contre": "18", "abstentions": "0", "nonVotantsVolontaires": "0"}, "decompteNominatif": {"nonVotants": {"votant": {"acteurRef": "PA721908", "mandatRef": "PM843467", "parDelegation": "false", "numPlace": "402", "causePositionVote": "PAN"}}, "pours": null, "contres": {"votant": [{"acteurRef": "PA795950", "mandatRef": "PM843419", "parDelegation": "false", "numPlace": "259"}, {"acteurRef": "PA794330", "mandatRef": "PM842945", "parDelegation": "true", "numPlace": "397"}, {"acteurRef": "PA719890", "mandatRef": "PM842855", "parDelegation": "false", "numPlace": "257"}, {"acteurRef": "PA794798", "mandatRef": "PM843188", "parDelegation": "false", "numPlace": "365"}, {"acteurRef": "PA794982", "mandatRef": "PM843329", "parDelegation": "true", "numPlace": "272"}, {"acteurRef": "PA794802", "mandatRef": "PM843191", "parDelegation": "false", "numPlace": "364"}, {"acteurRef": "PA719550", "mandatRef": "PM842660", "parDelegation": "false", "numPlace": "265"}, {"acteurRef": "PA721584", "mandatRef": "PM843518", "parDelegation": "false", "numPlace": "248"}, {"acteurRef": "PA795920", "mandatRef": "PM843653", "parDelegation": "false", "numPlace": "274"}, {"acteurRef": "PA719512", "mandatRef": "PM842699", "parDelegation": "false", "numPlace": "327"}, {"acteurRef": "PA841709", "mandatRef": "PM849151", "parDelegation": "false", "numPlace": "322"}, {"acteurRef": "PA719798", "mandatRef": "PM842753", "parDelegation": "false", "numPlace": "262"}, {"acteurRef": "PA345722", "mandatRef": "PM843650", "parDelegation": "false", "numPlace": "386"}, {"acteurRef": "PA794206", "mandatRef": "PM842879", "parDelegation": "false", "numPlace": "307"}, {"acteurRef": "PA720146", "mandatRef": "PM842849", "parDelegation": "false", "numPlace": "376"}, {"acteurRef": "PA719338", "mandatRef": "PM842654", "parDelegation": "false", "numPlace": "387"}, {"acteurRef": "PA795664", "mandatRef": "PM843569", "parDelegation": "false", "numPlace": "368"}, {"acteurRef": "PA720066", "mandatRef": "PM842933", "parDelegation": "false", "numPlace": "260"}]}, "abstentions": null}}}, {"organeRef": "PO845413", "nombreMembresGroupe": "71", "vote": {"positionMajoritaire": "contre", "decompteVoix": {"nonVotants": "0", "pour": "0", "contre": "36", "abstentions": "0", "nonVotantsVolontaires": "0"}, "decompteNominatif": {"nonVotants": null, "pours": null, "contres": {"votant": [{"acteurRef": "PA793262", "mandatRef": "PM842438", "parDelegation": "false", "numPlace": "571"}, {"acteurRef": "PA794906", "mandatRef": "PM843284", "parDelegation": "false", "numPlace": "544"}, {"acteurRef": "PA795588", "mandatRef": "PM843557", "parDelegation": "false", "numPlace": "643"}, {"acteurRef": "PA842105", "mandatRef": "PM843626", "parDelegation": "false", "numPlace": "560"}, {"acteurRef": "PA795616", "mandatRef": "PM840462", "parDelegation": "false", "numPlace": "604"}, {"acteurRef": "PA793444", "mandatRef": "PM840270", "parDelegation": "false", "numPlace": "539"}, {"acteurRef": "PA794938", "mandatRef": "PM843308", "parDelegation": "false", "numPlace": "619"}, {"acteurRef": "PA841023", "mandatRef": "PM842645", "parDelegation": "false", "numPlace": "570"}, {"acteurRef": "PA796090", "mandatRef": "PM840372", "parDelegation": "true", "numPlace": "528"}, {"acteurRef": "PA793912", "mandatRef": "PM842795", "parDelegation": "false", "numPlace": "621"}, {"acteurRef": "PA842187", "mandatRef": "PM843704", "parDelegation": "false", "numPlace": "595"}, {"acteurRef": "PA793736", "mandatRef": "PM842693", "parDelegation": "false", "numPlace": "636"}, {"acteurRef": "PA721202", "mandatRef": "PM840435", "parDelegation": "false", "numPlace": "549"}, {"acteurRef": "PA795136", "mandatRef": "PM843353", "parDelegation": "false", "numPlace": "599"}, {"acteurRef": "PA841251", "mandatRef": "PM842837", "parDelegation": "false", "numPlace": "629"}, {"acteurRef": "PA794786", "mandatRef": "PM843242", "parDelegation": "false", "numPlace": "547"}, {"acteurRef": "PA841845", "mandatRef": "PM843407", "parDelegation": "false", "numPlace": "648"}, {"acteurRef": "PA795466", "mandatRef": "PM843443", "parDelegation": "false", "numPlace": "572"}, {"acteurRef": "PA793744", "mandatRef": "PM842696", "parDelegation": "false", "numPlace": "561"}, {"acteurRef": "PA794106", "mandatRef": "PM842885", "parDelegation": "false", "numPlace": "609"}, {"acteurRef": "PA794166", "mandatRef": "PM842924", "parDelegation": "true", "numPlace": "603"}, {"acteurRef": "PA794478", "mandatRef": "PM843107", "parDelegation": "false", "numPlace": "625"}, {"acteurRef": "PA794082", "mandatRef": "PM842810", "parDelegation": "false", "numPlace": "611"}, {"acteurRef": "PA841729", "mandatRef": "PM843287", "parDelegation": "false", "numPlace": "519"}, {"acteurRef": "PA795516", "mandatRef": "PM843452", "parDelegation": "false", "numPlace": "596"}, {"acteurRef": "PA841515", "mandatRef": "PM843089", "parDelegation": "false", "numPlace": "594"}, {"acteurRef": "PA795108", "mandatRef": "PM843338", "parDelegation": "false", "numPlace": "538"}, {"acteurRef": "PA795298", "mandatRef": "PM843683", "parDelegation": "false", "numPlace": "649"}, {"acteurRef": "PA793532", "mandatRef": "PM842591", "parDelegation": "false", "numPlace": "650"}, {"acteurRef": "PA342384", "mandatRef": "PM842771", "parDelegation": "false", "numPlace": "637"}, {"acteurRef": "PA794686", "mandatRef": "PM843080", "parDelegation": "false", "numPlace": "628"}, {"acteurRef": "PA841215", "mandatRef": "PM842801", "parDelegation": "false", "numPlace": "597"}, {"acteurRef": "PA795482", "mandatRef": "PM843605", "parDelegation": "false", "numPlace": "642"}, {"acteurRef": "PA841191", "mandatRef": "PM842789", "parDelegation": "false", "numPlace": "639"}, {"acteurRef": "PA793872", "mandatRef": "PM840285", "parDelegation": "false", "numPlace": "548"}, {"acteurRef": "PA796062", "mandatRef": "PM843668", "parDelegation": "true", "numPlace": "633"}]}, "abstentions": null}}}, {"organeRef": "PO845419", "nombreMembresGroupe": "66", "vote": {"positionMajoritaire": "contre", "decompteVoix": {"nonVotants": "0", "pour": "0", "contre": "22", "abstentions": "0", "nonVotantsVolontaires": "0"}, "decompteNominatif": {"nonVotants": null, "pours": null, "contres": {"votant": [{"acteurRef": "PA840665", "mandatRef": "PM842336", "parDelegation": "false", "numPlace": "471"}, {"acteurRef": "PA643143", "mandatRef": "PM843761", "parDelegation": "false", "numPlace": "440"}, {"acteurRef": "PA840829", "mandatRef": "PM842492", "parDelegation": "false", "numPlace": "567"}, {"acteurRef": "PA342415", "mandatRef": "PM842774", "parDelegation": "false", "numPlace": "442"}, {"acteurRef": "PA794094", "mandatRef": "PM840291", "parDelegation": "false", "numPlace": "436"}, {"acteurRef": "PA793624", "mandatRef": "PM842564", "parDelegation": "false", "numPlace": "422"}, {"acteurRef": "PA795762", "mandatRef": "PM843767", "parDelegation": "false", "numPlace": "437"}, {"acteurRef": "PA841295", "mandatRef": "PM842882", "parDelegation": "false", "numPlace": "554"}, {"acteurRef": "PA842195", "mandatRef": "PM843707", "parDelegation": "false", "numPlace": "458"}, {"acteurRef": "PA841243", "mandatRef": "PM842825", "parDelegation": "false", "numPlace": "566"}, {"acteurRef": "PA719930", "mandatRef": "PM842870", "parDelegation": "false", "numPlace": "427"}, {"acteurRef": "PA841813", "mandatRef": "PM843377", "parDelegation": "false", "numPlace": "461"}, {"acteurRef": "PA643192", "mandatRef": "PM843152", "parDelegation": "false", "numPlace": "409"}, {"acteurRef": "PA774958", "mandatRef": "PM843389", "parDelegation": "false", "numPlace": "415"}, {"acteurRef": "PA841463", "mandatRef": "PM843047", "parDelegation": "false", "numPlace": "568"}, {"acteurRef": "PA841107", "mandatRef": "PM842717", "parDelegation": "false", "numPlace": "474"}, {"acteurRef": "PA841381", "mandatRef": "PM842966", "parDelegation": "false", "numPlace": "463"}, {"acteurRef": "PA840793", "mandatRef": "PM842468", "parDelegation": "false", "numPlace": "446"}, {"acteurRef": "PA608172", "mandatRef": "PM843083", "parDelegation": "false", "numPlace": "426"}, {"acteurRef": "PA840955", "mandatRef": "PM842573", "parDelegation": "false", "numPlace": "444"}, {"acteurRef": "PA841367", "mandatRef": "PM842954", "parDelegation": "false", "numPlace": "488"}, {"acteurRef": "PA826635", "mandatRef": "PM843473", "parDelegation": "false", "numPlace": "425"}]}, "abstentions": null}}}, {"organeRef": "PO845425", "nombreMembresGroupe": "47", "vote": {"positionMajoritaire": "contre", "decompteVoix": {"nonVotants": "0", "pour": "0", "contre": "2", "abstentions": "0", "nonVotantsVolontaires": "0"}, "decompteNominatif": {"nonVotants": null, "pours": null, "contres": {"votant": [{"acteurRef": "PA721410", "mandatRef": "PM843350", "parDelegation": "false", "numPlace": "174"}, {"acteurRef": "PA608016", "mandatRef": "PM843155", "parDelegation": "false", "numPlace": "173"}]}, "abstentions": null}}}, {"organeRef": "PO845439", "nombreMembresGroupe": "38", "vote": {"positionMajoritaire": "contre", "decompteVoix": {"nonVotants": "0", "pour": "0", "contre": "15", "abstentions": "0", "nonVotantsVolontaires": "0"}, "decompteNominatif": {"nonVotants": null, "pours": null, "contres": {"votant": [{"acteurRef": "PA793708", "mandatRef": "PM842525", "parDelegation": "false", "numPlace": "491"}, {"acteurRef": "PA2940", "mandatRef": "PM842531", "parDelegation": "false", "numPlace": "495"}, {"acteurRef": "PA794154", "mandatRef": "PM842918", "parDelegation": "false", "numPlace": "498"}, {"acteurRef": "PA841507", "mandatRef": "PM843086", "parDelegation": "false", "numPlace": "500"}, {"acteurRef": "PA794778", "mandatRef": "PM843239", "parDelegation": "false", "numPlace": "501"}, {"acteurRef": "PA842045", "mandatRef": "PM843581", "parDelegation": "false", "numPlace": "506"}, {"acteurRef": "PA795010", "mandatRef": "PM840354", "parDelegation": "true", "numPlace": "507"}, {"acteurRef": "PA610002", "mandatRef": "PM840363", "parDelegation": "false", "numPlace": "512"}, {"acteurRef": "PA795636", "mandatRef": "PM843476", "parDelegation": "true", "numPlace": "514"}, {"acteurRef": "PA793780", "mandatRef": "PM842714", "parDelegation": "false", "numPlace": "517"}, {"acteurRef": "PA841223", "mandatRef": "PM842804", "parDelegation": "false", "numPlace": "525"}, {"acteurRef": "PA840997", "mandatRef": "PM842612", "parDelegation": "false", "numPlace": "533"}, {"acteurRef": "PA841885", "mandatRef": "PM843446", "parDelegation": "false", "numPlace": "534"}, {"acteurRef": "PA842013", "mandatRef": "PM843563", "parDelegation": "false", "numPlace": "541"}, {"acteurRef": "PA795454", "mandatRef": "PM843821", "parDelegation": "false", "numPlace": "542"}]}, "abstentions": null}}}, {"organeRef": "PO845454", "nombreMembresGroupe": "36", "vote": {"positionMajoritaire": "contre", "decompteVoix": {"nonVotants": "0", "pour": "0", "contre": "5", "abstentions": "0", "nonVotantsVolontaires": "0"}, "decompteNominatif": {"nonVotants": null, "pours": null, "contres": {"votant": [{"acteurRef": "PA719024", "mandatRef": "PM842390", "parDelegation": "false", "numPlace": "344"}, {"acteurRef": "PA795258", "mandatRef": "PM843794", "parDelegation": "false", "numPlace": "348"}, {"acteurRef": "PA805166", "mandatRef": "PM849145", "parDelegation": "true", "numPlace": "358"}, {"acteurRef": "PA720256", "mandatRef": "PM843041", "parDelegation": "false", "numPlace": "371"}, {"acteurRef": "PA720728", "mandatRef": "PM843257", "parDelegation": "false", "numPlace": "339"}]}, "abstentions": null}}}, {"organeRef": "PO845470", "nombreMembresGroupe": "34", "vote": {"positionMajoritaire": "contre", "decompteVoix": {"nonVotants": "1", "pour": "0", "contre": "15", "abstentions": "0", "nonVotantsVolontaires": "0"}, "decompteNominatif": {"nonVotants": {"votant": {"acteurRef": "PA720908", "mandatRef": "PM843701", "parDelegation": "false", "numPlace": "221", "causePositionVote": "PSE"}}, "pours": null, "contres": {"votant": [{"acteurRef": "PA332228", "mandatRef": "PM842816", "parDelegation": "false", "numPlace": "213"}, {"acteurRef": "PA795278", "mandatRef": "PM843539", "parDelegation": "false", "numPlace": "219"}, {"acteurRef": "PA687214", "mandatRef": "PM843686", "parDelegation": "false", "numPlace": "220"}, {"acteurRef": "PA793572", "mandatRef": "PM842498", "parDelegation": "false", "numPlace": "224"}, {"acteurRef": "PA794470", "mandatRef": "PM843104", "parDelegation": "false", "numPlace": "225"}, {"acteurRef": "PA719052", "mandatRef": "PM842507", "parDelegation": "false", "numPlace": "226"}, {"acteurRef": "PA720138", "mandatRef": "PM842846", "parDelegation": "false", "numPlace": "227"}, {"acteurRef": "PA841013", "mandatRef": "PM849137", "parDelegation": "false", "numPlace": "230"}, {"acteurRef": "PA719778", "mandatRef": "PM842744", "parDelegation": "false", "numPlace": "233"}, {"acteurRef": "PA841339", "mandatRef": "PM842927", "parDelegation": "false", "numPlace": "235"}, {"acteurRef": "PA721844", "mandatRef": "PM843461", "parDelegation": "false", "numPlace": "236"}, {"acteurRef": "PA722070", "mandatRef": "PM843548", "parDelegation": "false", "numPlace": "239"}, {"acteurRef": "PA794838", "mandatRef": "PM843212", "parDelegation": "false", "numPlace": "242"}, {"acteurRef": "PA794466", "mandatRef": "PM849654", "parDelegation": "false", "numPlace": "245"}, {"acteurRef": "PA841833", "mandatRef": "PM849123", "parDelegation": "false", "numPlace": "318"}]}, "abstentions": null}}}, {"organeRef": "PO845485", "nombreMembresGroupe": "23", "vote": {"positionMajoritaire": "contre", "decompteVoix": {"nonVotants": "0", "pour": "0", "contre": "3", "abstentions": "0", "nonVotantsVolontaires": "0"}, "decompteNominatif": {"nonVotants": null, "pours": null, "contres": {"votant": [{"acteurRef": "PA942", "mandatRef": "PM842987", "parDelegation": "false", "numPlace": "383"}, {"acteurRef": "PA840817", "mandatRef": "PM842483", "parDelegation": "false", "numPlace": "393"}, {"acteurRef": "PA793796", "mandatRef": "PM842723", "parDelegation": "false", "numPlace": "484"}]}, "abstentions": null}}}, {"organeRef": "PO845514", "nombreMembresGroupe": "17", "vote": {"positionMajoritaire": "contre", "decompteVoix": {"nonVotants": "0", "pour": "0", "contre": "2", "abstentions": "0", "nonVotantsVolontaires": "0"}, "decompteNominatif": {"nonVotants": null, "pours": null, "contres": {"votant": [{"acteurRef": "PA795868", "mandatRef": "PM843722", "parDelegation": "false", "numPlace": "591"}, {"acteurRef": "PA605745", "mandatRef": "PM842504", "parDelegation": "false", "numPlace": "592"}]}, "abstentions": null}}}, {"organeRef": "PO847173", "nombreMembresGroupe": "16", "vote": {"positionMajoritaire": "pour", "decompteVoix": {"nonVotants": "0", "pour": "2", "contre": "1", "abstentions": "1", "nonVotantsVolontaires": "1"}, "decompteNominatif": {"nonVotants": null, "pours": {"votant": [{"acteurRef": "PA841769", "mandatRef": "PM843323", "parDelegation": "false", "numPlace": "096"}, {"acteurRef": "PA840773", "mandatRef": "PM842456", "parDelegation": "false", "numPlace": "103"}]}, "contres": {"votant": {"acteurRef": "PA840809", "mandatRef": "PM842474", "parDelegation": "false", "numPlace": "088"}}, "abstentions": {"votant": {"acteurRef": "PA841067", "mandatRef": "PM842687", "parDelegation": "false", "numPlace": "113"}}}}}, {"organeRef": "PO840056", "nombreMembresGroupe": "8", "vote": {"positionMajoritaire": "contre", "decompteVoix": {"nonVotants": "0", "pour": "0", "contre": "1", "abstentions": "0", "nonVotantsVolontaires": "0"}, "decompteNominatif": {"nonVotants": null, "pours": null, "contres": {"votant": {"acteurRef": "PA643175", "mandatRef": "PM842840", "parDelegation": "false", "numPlace": "403"}}, "abstentions": null}}}]}}}, "miseAuPoint": {"nonVotants": [null, null], "pours": null, "abstentions": [null, null], "nonVotantsVolontaires": [null, null], "contres": null, "dysfonctionnement": {"nonVotants": null, "pour": null, "contre": null, "abstentions": null, "nonVotantsVolontaires": null}}, "lieuVote": "H\u00e9micycle"}}