{"scrutin": {"@xmlns": "http://schemas.assemblee-nationale.fr/referentiel", "@xmlns:xsi": "http://www.w3.org/2001/XMLSchema-instance", "uid": "VTANR5L17V28", "numero": "28", "organeRef": "PO838901", "legislature": "17", "sessionRef": "SCR5A2025O1", "seanceRef": "RUANR5L17S2025IDS28588", "dateScrutin": "2024-10-23", "quantiemeJourSeance": "1", "typeVote": {"codeTypeVote": "SPO", "libelleTypeVote": "scrutin public ordinaire", "typeMajorite": "Majorit\u00e9 absolue des suffrages exprim\u00e9s"}, "sort": {"code": "adopt\u00e9", "libelle": "l'Assembl\u00e9e nationale a adopt\u00e9"}, "titre": "l'amendement n\u00b0 838 de M. Jean-Philippe Tanguy apr\u00e8s l'article 3 du projet de loi de finances pour 2025 (premi\u00e8re lecture).", "demandeur": {"texte": "Pr\u00e9sidente du groupe \"Rassemblement National\"", "referenceLegislative": null}, "objet": {"libelle": "l'amendement n\u00b0 838 de M. Jean-Philippe Tanguy apr\u00e8s l'article 3 du projet de loi de finances pour 2025 (premi\u00e8re lecture).", "dossierLegislatif": null, "referenceLegislative": null}, "modePublicationDesVotes": "DecompteNominatif", "syntheseVote": {"nombreVotants": "97", "suffragesExprimes": "95", "nbrSuffragesRequis": "48", "annonce": "l'Assembl\u00e9e nationale a adopt\u00e9", "decompte": {"nonVotants": "4", "pour": "53", "contre": "42", "abstentions": "2", "nonVotantsVolontaires": "0"}}, "ventilationVotes": {"organe": {"organeRef": "PO838901", "groupes": {"groupe": [{"organeRef": "PO845401", "nombreMembresGroupe": "125", "vote": {"positionMajoritaire": "pour", "decompteVoix": {"nonVotants": "0", "pour": "45", "contre": "0", "abstentions": "0", "nonVotantsVolontaires": "0"}, "decompteNominatif": {"nonVotants": null, "pours": {"votant": [{"acteurRef": "PA796118", "mandatRef": "PM843629", "parDelegation": "false", "numPlace": "077"}, {"acteurRef": "PA794434", "mandatRef": "PM842990", "parDelegation": "false", "numPlace": "084"}, {"acteurRef": "PA841955", "mandatRef": "PM843506", "parDelegation": "false", "numPlace": "089"}, {"acteurRef": "PA794562", "mandatRef": "PM840339", "parDelegation": "false", "numPlace": "094"}, {"acteurRef": "PA642988", "mandatRef": "PM840414", "parDelegation": "false", "numPlace": "095"}, {"acteurRef": "PA794354", "mandatRef": "PM842960", "parDelegation": "true", "numPlace": "100"}, {"acteurRef": "PA794670", "mandatRef": "PM843176", "parDelegation": "false", "numPlace": "102"}, {"acteurRef": "PA842001", "mandatRef": "PM843554", "parDelegation": "false", "numPlace": "110"}, {"acteurRef": "PA794886", "mandatRef": "PM843230", "parDelegation": "false", "numPlace": "117"}, {"acteurRef": "PA793146", "mandatRef": "PM840252", "parDelegation": "false", "numPlace": "120"}, {"acteurRef": "PA794590", "mandatRef": "PM840303", "parDelegation": "false", "numPlace": "123"}, {"acteurRef": "PA841131", "mandatRef": "PM842735", "parDelegation": "false", "numPlace": "124"}, {"acteurRef": "PA793832", "mandatRef": "PM842678", "parDelegation": "false", "numPlace": "129"}, {"acteurRef": "PA840143", "mandatRef": "PM840336", "parDelegation": "false", "numPlace": "130"}, {"acteurRef": "PA793134", "mandatRef": "PM842375", "parDelegation": "false", "numPlace": "132"}, {"acteurRef": "PA841563", "mandatRef": "PM843134", "parDelegation": "false", "numPlace": "133"}, {"acteurRef": "PA841575", "mandatRef": "PM843143", "parDelegation": "false", "numPlace": "134"}, {"acteurRef": "PA794442", "mandatRef": "PM840306", "parDelegation": "false", "numPlace": "141"}, {"acteurRef": "PA841621", "mandatRef": "PM843173", "parDelegation": "false", "numPlace": "143"}, {"acteurRef": "PA841613", "mandatRef": "PM843170", "parDelegation": "false", "numPlace": "144"}, {"acteurRef": "PA793102", "mandatRef": "PM842330", "parDelegation": "false", "numPlace": "153"}, {"acteurRef": "PA841825", "mandatRef": "PM843392", "parDelegation": "false", "numPlace": "155"}, {"acteurRef": "PA793608", "mandatRef": "PM842558", "parDelegation": "false", "numPlace": "156"}, {"acteurRef": "PA793362", "mandatRef": "PM842465", "parDelegation": "false", "numPlace": "001"}, {"acteurRef": "PA794954", "mandatRef": "PM840357", "parDelegation": "false", "numPlace": "003"}, {"acteurRef": "PA795900", "mandatRef": "PM843524", "parDelegation": "false", "numPlace": "006"}, {"acteurRef": "PA841749", "mandatRef": "PM843305", "parDelegation": "false", "numPlace": "011"}, {"acteurRef": "PA841587", "mandatRef": "PM843149", "parDelegation": "false", "numPlace": "013"}, {"acteurRef": "PA840801", "mandatRef": "PM842471", "parDelegation": "false", "numPlace": "014"}, {"acteurRef": "PA796050", "mandatRef": "PM840411", "parDelegation": "false", "numPlace": "015"}, {"acteurRef": "PA841737", "mandatRef": "PM843290", "parDelegation": "false", "numPlace": "016"}, {"acteurRef": "PA841075", "mandatRef": "PM842690", "parDelegation": "false", "numPlace": "018"}, {"acteurRef": "PA795974", "mandatRef": "PM840387", "parDelegation": "false", "numPlace": "022"}, {"acteurRef": "PA793548", "mandatRef": "PM842606", "parDelegation": "true", "numPlace": "023"}, {"acteurRef": "PA840119", "mandatRef": "PM840321", "parDelegation": "false", "numPlace": "024"}, {"acteurRef": "PA794418", "mandatRef": "PM840309", "parDelegation": "false", "numPlace": "025"}, {"acteurRef": "PA842073", "mandatRef": "PM843611", "parDelegation": "false", "numPlace": "027"}, {"acteurRef": "PA720468", "mandatRef": "PM840333", "parDelegation": "false", "numPlace": "028"}, {"acteurRef": "PA793616", "mandatRef": "PM842561", "parDelegation": "false", "numPlace": "030"}, {"acteurRef": "PA793672", "mandatRef": "PM842555", "parDelegation": "false", "numPlace": "031"}, {"acteurRef": "PA793928", "mandatRef": "PM840294", "parDelegation": "false", "numPlace": "033"}, {"acteurRef": "PA795778", "mandatRef": "PM843509", "parDelegation": "false", "numPlace": "035"}, {"acteurRef": "PA796026", "mandatRef": "PM840390", "parDelegation": "false", "numPlace": "053"}, {"acteurRef": "PA841645", "mandatRef": "PM843200", "parDelegation": "false", "numPlace": "054"}, {"acteurRef": "PA793158", "mandatRef": "PM840258", "parDelegation": "false", "numPlace": "075"}]}, "contres": null, "abstentions": null}}}, {"organeRef": "PO845407", "nombreMembresGroupe": "94", "vote": {"positionMajoritaire": "contre", "decompteVoix": {"nonVotants": "1", "pour": "0", "contre": "15", "abstentions": "0", "nonVotantsVolontaires": "0"}, "decompteNominatif": {"nonVotants": {"votant": {"acteurRef": "PA721908", "mandatRef": "PM843467", "parDelegation": "false", "numPlace": "402", "causePositionVote": "PAN"}}, "pours": null, "contres": {"votant": [{"acteurRef": "PA794486", "mandatRef": "PM843110", "parDelegation": "false", "numPlace": "253"}, {"acteurRef": "PA717379", "mandatRef": "PM843374", "parDelegation": "false", "numPlace": "256"}, {"acteurRef": "PA719890", "mandatRef": "PM842855", "parDelegation": "false", "numPlace": "257"}, {"acteurRef": "PA795950", "mandatRef": "PM843419", "parDelegation": "false", "numPlace": "259"}, {"acteurRef": "PA719798", "mandatRef": "PM842753", "parDelegation": "false", "numPlace": "262"}, {"acteurRef": "PA721764", "mandatRef": "PM843416", "parDelegation": "false", "numPlace": "271"}, {"acteurRef": "PA795386", "mandatRef": "PM843695", "parDelegation": "false", "numPlace": "284"}, {"acteurRef": "PA722000", "mandatRef": "PM843542", "parDelegation": "false", "numPlace": "293"}, {"acteurRef": "PA757225", "mandatRef": "PM840465", "parDelegation": "false", "numPlace": "297"}, {"acteurRef": "PA794802", "mandatRef": "PM843191", "parDelegation": "false", "numPlace": "364"}, {"acteurRef": "PA719632", "mandatRef": "PM842828", "parDelegation": "false", "numPlace": "378"}, {"acteurRef": "PA267200", "mandatRef": "PM843098", "parDelegation": "false", "numPlace": "380"}, {"acteurRef": "PA795176", "mandatRef": "PM843788", "parDelegation": "false", "numPlace": "385"}, {"acteurRef": "PA345722", "mandatRef": "PM843650", "parDelegation": "false", "numPlace": "386"}, {"acteurRef": "PA840235", "mandatRef": "PM840468", "parDelegation": "false", "numPlace": "399"}]}, "abstentions": null}}}, {"organeRef": "PO845413", "nombreMembresGroupe": "71", "vote": {"positionMajoritaire": "contre", "decompteVoix": {"nonVotants": "1", "pour": "0", "contre": "1", "abstentions": "0", "nonVotantsVolontaires": "0"}, "decompteNominatif": {"nonVotants": {"votant": {"acteurRef": "PA795228", "mandatRef": "PM840447", "parDelegation": "false", "numPlace": "627", "causePositionVote": "PSE"}}, "pours": null, "contres": {"votant": {"acteurRef": "PA721202", "mandatRef": "PM840435", "parDelegation": "false", "numPlace": "549"}}, "abstentions": null}}}, {"organeRef": "PO845419", "nombreMembresGroupe": "66", "vote": {"positionMajoritaire": "contre", "decompteVoix": {"nonVotants": "0", "pour": "0", "contre": "5", "abstentions": "1", "nonVotantsVolontaires": "1"}, "decompteNominatif": {"nonVotants": null, "pours": null, "contres": {"votant": [{"acteurRef": "PA793624", "mandatRef": "PM842564", "parDelegation": "false", "numPlace": "422"}, {"acteurRef": "PA841681", "mandatRef": "PM843245", "parDelegation": "false", "numPlace": "457"}, {"acteurRef": "PA841381", "mandatRef": "PM842966", "parDelegation": "false", "numPlace": "463"}, {"acteurRef": "PA794854", "mandatRef": "PM843263", "parDelegation": "false", "numPlace": "550"}, {"acteurRef": "PA841633", "mandatRef": "PM843182", "parDelegation": "false", "numPlace": "551"}]}, "abstentions": {"votant": {"acteurRef": "PA719930", "mandatRef": "PM842870", "parDelegation": "false", "numPlace": "427"}}}}}, {"organeRef": "PO845425", "nombreMembresGroupe": "47", "vote": {"positionMajoritaire": "contre", "decompteVoix": {"nonVotants": "1", "pour": "0", "contre": "3", "abstentions": "1", "nonVotantsVolontaires": "1"}, "decompteNominatif": {"nonVotants": {"votant": {"acteurRef": "PA643089", "mandatRef": "PM843431", "parDelegation": "false", "numPlace": "206", "causePositionVote": "MG"}}, "pours": null, "contres": {"votant": [{"acteurRef": "PA346782", "mandatRef": "PM840426", "parDelegation": "false", "numPlace": "172"}, {"acteurRef": "PA608016", "mandatRef": "PM843155", "parDelegation": "false", "numPlace": "173"}, {"acteurRef": "PA721410", "mandatRef": "PM843350", "parDelegation": "false", "numPlace": "174"}]}, "abstentions": {"votant": {"acteurRef": "PA793508", "mandatRef": "PM842576", "parDelegation": "false", "numPlace": "195"}}}}}, {"organeRef": "PO845439", "nombreMembresGroupe": "38", "vote": {"positionMajoritaire": "contre", "decompteVoix": {"nonVotants": "0", "pour": "1", "contre": "5", "abstentions": "0", "nonVotantsVolontaires": "0"}, "decompteNominatif": {"nonVotants": null, "pours": {"votant": {"acteurRef": "PA793980", "mandatRef": "PM842750", "parDelegation": "false", "numPlace": "530"}}, "contres": {"votant": [{"acteurRef": "PA2940", "mandatRef": "PM842531", "parDelegation": "false", "numPlace": "495"}, {"acteurRef": "PA796018", "mandatRef": "PM843425", "parDelegation": "false", "numPlace": "502"}, {"acteurRef": "PA793780", "mandatRef": "PM842714", "parDelegation": "false", "numPlace": "517"}, {"acteurRef": "PA842013", "mandatRef": "PM843563", "parDelegation": "false", "numPlace": "541"}, {"acteurRef": "PA795454", "mandatRef": "PM843821", "parDelegation": "false", "numPlace": "542"}]}, "abstentions": null}}}, {"organeRef": "PO845454", "nombreMembresGroupe": "36", "vote": {"positionMajoritaire": "contre", "decompteVoix": {"nonVotants": "0", "pour": "0", "contre": "5", "abstentions": "0", "nonVotantsVolontaires": "0"}, "decompteNominatif": {"nonVotants": null, "pours": null, "contres": {"votant": [{"acteurRef": "PA719640", "mandatRef": "PM842831", "parDelegation": "false", "numPlace": "331"}, {"acteurRef": "PA720560", "mandatRef": "PM843032", "parDelegation": "false", "numPlace": "338"}, {"acteurRef": "PA720728", "mandatRef": "PM843257", "parDelegation": "false", "numPlace": "339"}, {"acteurRef": "PA794830", "mandatRef": "PM843209", "parDelegation": "false", "numPlace": "356"}, {"acteurRef": "PA793520", "mandatRef": "PM842582", "parDelegation": "false", "numPlace": "372"}]}, "abstentions": null}}}, {"organeRef": "PO845470", "nombreMembresGroupe": "34", "vote": {"positionMajoritaire": "contre", "decompteVoix": {"nonVotants": "1", "pour": "2", "contre": "4", "abstentions": "0", "nonVotantsVolontaires": "0"}, "decompteNominatif": {"nonVotants": {"votant": {"acteurRef": "PA720480", "mandatRef": "PM843101", "parDelegation": "false", "numPlace": "245", "causePositionVote": "MG"}}, "pours": {"votant": [{"acteurRef": "PA719778", "mandatRef": "PM842744", "parDelegation": "false", "numPlace": "233"}, {"acteurRef": "PA793992", "mandatRef": "PM842756", "parDelegation": "false", "numPlace": "244"}]}, "contres": {"votant": [{"acteurRef": "PA722336", "mandatRef": "PM843203", "parDelegation": "false", "numPlace": "214"}, {"acteurRef": "PA793572", "mandatRef": "PM842498", "parDelegation": "false", "numPlace": "224"}, {"acteurRef": "PA794470", "mandatRef": "PM843104", "parDelegation": "false", "numPlace": "225"}, {"acteurRef": "PA842125", "mandatRef": "PM843641", "parDelegation": "false", "numPlace": "228"}]}, "abstentions": null}}}, {"organeRef": "PO845485", "nombreMembresGroupe": "23", "vote": {"positionMajoritaire": "contre", "decompteVoix": {"nonVotants": "0", "pour": "0", "contre": "1", "abstentions": "0", "nonVotantsVolontaires": "0"}, "decompteNominatif": {"nonVotants": null, "pours": null, "contres": {"votant": {"acteurRef": "PA942", "mandatRef": "PM842987", "parDelegation": "false", "numPlace": "383"}}, "abstentions": null}}}, {"organeRef": "PO845514", "nombreMembresGroupe": "17", "vote": {"positionMajoritaire": "contre", "decompteVoix": {"nonVotants": "0", "pour": "0", "contre": "2", "abstentions": "0", "nonVotantsVolontaires": "0"}, "decompteNominatif": {"nonVotants": null, "pours": null, "contres": {"votant": [{"acteurRef": "PA605745", "mandatRef": "PM842504", "parDelegation": "false", "numPlace": "592"}, {"acteurRef": "PA721896", "mandatRef": "PM840405", "parDelegation": "false", "numPlace": "593"}]}, "abstentions": null}}}, {"organeRef": "PO847173", "nombreMembresGroupe": "16", "vote": {"positionMajoritaire": "pour", "decompteVoix": {"nonVotants": "0", "pour": "4", "contre": "0", "abstentions": "0", "nonVotantsVolontaires": "0"}, "decompteNominatif": {"nonVotants": null, "pours": {"votant": [{"acteurRef": "PA840809", "mandatRef": "PM842474", "parDelegation": "false", "numPlace": "088"}, {"acteurRef": "PA841769", "mandatRef": "PM843323", "parDelegation": "false", "numPlace": "096"}, {"acteurRef": "PA840685", "mandatRef": "PM842354", "parDelegation": "false", "numPlace": "105"}, {"acteurRef": "PA841207", "mandatRef": "PM842798", "parDelegation": "false", "numPlace": "106"}]}, "contres": null, "abstentions": null}}}, {"organeRef": "PO840056", "nombreMembresGroupe": "8", "vote": {"positionMajoritaire": "pour", "decompteVoix": {"nonVotants": "0", "pour": "1", "contre": "1", "abstentions": "0", "nonVotantsVolontaires": "0"}, "decompteNominatif": {"nonVotants": null, "pours": {"votant": {"acteurRef": "PA795540", "mandatRef": "PM843620", "parDelegation": "false", "numPlace": "320"}}, "contres": {"votant": {"acteurRef": "PA607193", "mandatRef": "PM842930", "parDelegation": "false", "numPlace": "391"}}, "abstentions": null}}}]}}}, "miseAuPoint": {"nonVotants": [null, {"votant": {"acteurRef": "PA346782", "mandatRef": "PM840426", "parDelegation": "false", "numPlace": "172"}}], "pours": null, "abstentions": [null, null], "nonVotantsVolontaires": [null, null], "contres": {"votant": {"acteurRef": "PA793980", "mandatRef": "PM842750", "parDelegation": "false", "numPlace": "530"}}, "dysfonctionnement": {"nonVotants": null, "pour": null, "contre": null, "abstentions": null, "nonVotantsVolontaires": null}}, "lieuVote": "H\u00e9micycle"}}