{"scrutin": {"@xmlns": "http://schemas.assemblee-nationale.fr/referentiel", "@xmlns:xsi": "http://www.w3.org/2001/XMLSchema-instance", "uid": "VTANR5L17V78", "numero": "78", "organeRef": "PO838901", "legislature": "17", "sessionRef": "SCR5A2025O1", "seanceRef": "RUANR5L17S2025IDS28592", "dateScrutin": "2024-10-24", "quantiemeJourSeance": "3", "typeVote": {"codeTypeVote": "SPO", "libelleTypeVote": "scrutin public ordinaire", "typeMajorite": "Majorit\u00e9 absolue des suffrages exprim\u00e9s"}, "sort": {"code": "adopt\u00e9", "libelle": "l'Assembl\u00e9e nationale a adopt\u00e9"}, "titre": "l'amendement n\u00b0 3556 de Mme Louwagie apr\u00e8s l'article 3 du projet de loi de finances pour 2025 (premi\u00e8re lecture).", "demandeur": {"texte": "Pr\u00e9sident du groupe \"Droite R\u00e9publicaine\"", "referenceLegislative": null}, "objet": {"libelle": "l'amendement n\u00b0 3556 de Mme Louwagie apr\u00e8s l'article 3 du projet de loi de finances pour 2025 (premi\u00e8re lecture).", "dossierLegislatif": null, "referenceLegislative": null}, "modePublicationDesVotes": "DecompteNominatif", "syntheseVote": {"nombreVotants": "177", "suffragesExprimes": "175", "nbrSuffragesRequis": "88", "annonce": "l'Assembl\u00e9e nationale a adopt\u00e9", "decompte": {"nonVotants": "4", "pour": "110", "contre": "65", "abstentions": "2", "nonVotantsVolontaires": "0"}}, "ventilationVotes": {"organe": {"organeRef": "PO838901", "groupes": {"groupe": [{"organeRef": "PO845401", "nombreMembresGroupe": "125", "vote": {"positionMajoritaire": "pour", "decompteVoix": {"nonVotants": "0", "pour": "77", "contre": "0", "abstentions": "0", "nonVotantsVolontaires": "0"}, "decompteNominatif": {"nonVotants": null, "pours": {"votant": [{"acteurRef": "PA841777", "mandatRef": "PM843326", "parDelegation": "false", "numPlace": "002"}, {"acteurRef": "PA794954", "mandatRef": "PM840357", "parDelegation": "false", "numPlace": "003"}, {"acteurRef": "PA795900", "mandatRef": "PM843524", "parDelegation": "false", "numPlace": "006"}, {"acteurRef": "PA794734", "mandatRef": "PM843146", "parDelegation": "false", "numPlace": "008"}, {"acteurRef": "PA841495", "mandatRef": "PM843065", "parDelegation": "false", "numPlace": "010"}, {"acteurRef": "PA840801", "mandatRef": "PM842471", "parDelegation": "false", "numPlace": "014"}, {"acteurRef": "PA796042", "mandatRef": "PM843428", "parDelegation": "false", "numPlace": "017"}, {"acteurRef": "PA719436", "mandatRef": "PM840279", "parDelegation": "false", "numPlace": "020"}, {"acteurRef": "PA841553", "mandatRef": "PM843128", "parDelegation": "false", "numPlace": "021"}, {"acteurRef": "PA793548", "mandatRef": "PM842606", "parDelegation": "true", "numPlace": "023"}, {"acteurRef": "PA793616", "mandatRef": "PM842561", "parDelegation": "false", "numPlace": "030"}, {"acteurRef": "PA793672", "mandatRef": "PM842555", "parDelegation": "false", "numPlace": "031"}, {"acteurRef": "PA793928", "mandatRef": "PM840294", "parDelegation": "false", "numPlace": "033"}, {"acteurRef": "PA795778", "mandatRef": "PM843509", "parDelegation": "false", "numPlace": "035"}, {"acteurRef": "PA840135", "mandatRef": "PM840330", "parDelegation": "false", "numPlace": "038"}, {"acteurRef": "PA794322", "mandatRef": "PM842942", "parDelegation": "false", "numPlace": "040"}, {"acteurRef": "PA841981", "mandatRef": "PM843533", "parDelegation": "false", "numPlace": "041"}, {"acteurRef": "PA840159", "mandatRef": "PM840345", "parDelegation": "false", "numPlace": "043"}, {"acteurRef": "PA793314", "mandatRef": "PM840243", "parDelegation": "false", "numPlace": "044"}, {"acteurRef": "PA720822", "mandatRef": "PM840318", "parDelegation": "false", "numPlace": "045"}, {"acteurRef": "PA840869", "mandatRef": "PM842522", "parDelegation": "false", "numPlace": "047"}, {"acteurRef": "PA794530", "mandatRef": "PM840327", "parDelegation": "true", "numPlace": "051"}, {"acteurRef": "PA793374", "mandatRef": "PM842477", "parDelegation": "false", "numPlace": "052"}, {"acteurRef": "PA793182", "mandatRef": "PM842387", "parDelegation": "false", "numPlace": "056"}, {"acteurRef": "PA793656", "mandatRef": "PM842546", "parDelegation": "false", "numPlace": "057"}, {"acteurRef": "PA720668", "mandatRef": "PM840342", "parDelegation": "false", "numPlace": "060"}, {"acteurRef": "PA793246", "mandatRef": "PM842429", "parDelegation": "false", "numPlace": "062"}, {"acteurRef": "PA794946", "mandatRef": "PM843311", "parDelegation": "false", "numPlace": "064"}, {"acteurRef": "PA842255", "mandatRef": "PM843770", "parDelegation": "false", "numPlace": "066"}, {"acteurRef": "PA840075", "mandatRef": "PM840255", "parDelegation": "false", "numPlace": "067"}, {"acteurRef": "PA840915", "mandatRef": "PM842552", "parDelegation": "false", "numPlace": "068"}, {"acteurRef": "PA793592", "mandatRef": "PM842537", "parDelegation": "false", "numPlace": "072"}, {"acteurRef": "PA793238", "mandatRef": "PM842426", "parDelegation": "true", "numPlace": "073"}, {"acteurRef": "PA793158", "mandatRef": "PM840258", "parDelegation": "false", "numPlace": "075"}, {"acteurRef": "PA795966", "mandatRef": "PM843530", "parDelegation": "false", "numPlace": "076"}, {"acteurRef": "PA796118", "mandatRef": "PM843629", "parDelegation": "false", "numPlace": "077"}, {"acteurRef": "PA794770", "mandatRef": "PM843236", "parDelegation": "true", "numPlace": "078"}, {"acteurRef": "PA841605", "mandatRef": "PM843167", "parDelegation": "false", "numPlace": "079"}, {"acteurRef": "PA842085", "mandatRef": "PM843617", "parDelegation": "false", "numPlace": "081"}, {"acteurRef": "PA793632", "mandatRef": "PM842627", "parDelegation": "false", "numPlace": "082"}, {"acteurRef": "PA794570", "mandatRef": "PM843137", "parDelegation": "false", "numPlace": "083"}, {"acteurRef": "PA840781", "mandatRef": "PM842459", "parDelegation": "false", "numPlace": "085"}, {"acteurRef": "PA841955", "mandatRef": "PM843506", "parDelegation": "false", "numPlace": "089"}, {"acteurRef": "PA642988", "mandatRef": "PM840414", "parDelegation": "false", "numPlace": "095"}, {"acteurRef": "PA794354", "mandatRef": "PM842960", "parDelegation": "false", "numPlace": "100"}, {"acteurRef": "PA794670", "mandatRef": "PM843176", "parDelegation": "false", "numPlace": "102"}, {"acteurRef": "PA793330", "mandatRef": "PM840249", "parDelegation": "false", "numPlace": "109"}, {"acteurRef": "PA842001", "mandatRef": "PM843554", "parDelegation": "false", "numPlace": "110"}, {"acteurRef": "PA840837", "mandatRef": "PM842495", "parDelegation": "false", "numPlace": "111"}, {"acteurRef": "PA841837", "mandatRef": "PM843404", "parDelegation": "false", "numPlace": "116"}, {"acteurRef": "PA841479", "mandatRef": "PM843053", "parDelegation": "false", "numPlace": "118"}, {"acteurRef": "PA840857", "mandatRef": "PM842516", "parDelegation": "true", "numPlace": "119"}, {"acteurRef": "PA793146", "mandatRef": "PM840252", "parDelegation": "false", "numPlace": "120"}, {"acteurRef": "PA841873", "mandatRef": "PM843434", "parDelegation": "false", "numPlace": "122"}, {"acteurRef": "PA794590", "mandatRef": "PM840303", "parDelegation": "false", "numPlace": "123"}, {"acteurRef": "PA841131", "mandatRef": "PM842735", "parDelegation": "false", "numPlace": "124"}, {"acteurRef": "PA841487", "mandatRef": "PM843062", "parDelegation": "false", "numPlace": "126"}, {"acteurRef": "PA793218", "mandatRef": "PM840267", "parDelegation": "false", "numPlace": "127"}, {"acteurRef": "PA793832", "mandatRef": "PM842678", "parDelegation": "false", "numPlace": "129"}, {"acteurRef": "PA840143", "mandatRef": "PM840336", "parDelegation": "false", "numPlace": "130"}, {"acteurRef": "PA841563", "mandatRef": "PM843134", "parDelegation": "false", "numPlace": "133"}, {"acteurRef": "PA841575", "mandatRef": "PM843143", "parDelegation": "false", "numPlace": "134"}, {"acteurRef": "PA793844", "mandatRef": "PM842681", "parDelegation": "false", "numPlace": "135"}, {"acteurRef": "PA793254", "mandatRef": "PM842432", "parDelegation": "false", "numPlace": "136"}, {"acteurRef": "PA794894", "mandatRef": "PM840351", "parDelegation": "false", "numPlace": "138"}, {"acteurRef": "PA841199", "mandatRef": "PM842792", "parDelegation": "false", "numPlace": "139"}, {"acteurRef": "PA841621", "mandatRef": "PM843173", "parDelegation": "false", "numPlace": "143"}, {"acteurRef": "PA841613", "mandatRef": "PM843170", "parDelegation": "false", "numPlace": "144"}, {"acteurRef": "PA793290", "mandatRef": "PM842450", "parDelegation": "false", "numPlace": "146"}, {"acteurRef": "PA841439", "mandatRef": "PM843023", "parDelegation": "false", "numPlace": "149"}, {"acteurRef": "PA793382", "mandatRef": "PM842480", "parDelegation": "false", "numPlace": "151"}, {"acteurRef": "PA795410", "mandatRef": "PM843440", "parDelegation": "false", "numPlace": "152"}, {"acteurRef": "PA793102", "mandatRef": "PM842330", "parDelegation": "false", "numPlace": "153"}, {"acteurRef": "PA841825", "mandatRef": "PM843392", "parDelegation": "false", "numPlace": "155"}, {"acteurRef": "PA793608", "mandatRef": "PM842558", "parDelegation": "false", "numPlace": "156"}, {"acteurRef": "PA840757", "mandatRef": "PM842444", "parDelegation": "false", "numPlace": "157"}, {"acteurRef": "PA795644", "mandatRef": "PM843560", "parDelegation": "true", "numPlace": "158"}]}, "contres": null, "abstentions": null}}}, {"organeRef": "PO845407", "nombreMembresGroupe": "94", "vote": {"positionMajoritaire": "pour", "decompteVoix": {"nonVotants": "1", "pour": "8", "contre": "2", "abstentions": "1", "nonVotantsVolontaires": "1"}, "decompteNominatif": {"nonVotants": {"votant": {"acteurRef": "PA721908", "mandatRef": "PM843467", "parDelegation": "false", "numPlace": "402", "causePositionVote": "PAN"}}, "pours": {"votant": [{"acteurRef": "PA2960", "mandatRef": "PM843140", "parDelegation": "false", "numPlace": "250"}, {"acteurRef": "PA335758", "mandatRef": "PM843437", "parDelegation": "false", "numPlace": "261"}, {"acteurRef": "PA719798", "mandatRef": "PM842753", "parDelegation": "false", "numPlace": "262"}, {"acteurRef": "PA795386", "mandatRef": "PM843695", "parDelegation": "false", "numPlace": "284"}, {"acteurRef": "PA722366", "mandatRef": "PM843299", "parDelegation": "false", "numPlace": "294"}, {"acteurRef": "PA841709", "mandatRef": "PM849151", "parDelegation": "false", "numPlace": "322"}, {"acteurRef": "PA794798", "mandatRef": "PM843188", "parDelegation": "false", "numPlace": "365"}, {"acteurRef": "PA267200", "mandatRef": "PM843098", "parDelegation": "false", "numPlace": "380"}]}, "contres": {"votant": [{"acteurRef": "PA720342", "mandatRef": "PM842999", "parDelegation": "false", "numPlace": "278"}, {"acteurRef": "PA720146", "mandatRef": "PM842849", "parDelegation": "false", "numPlace": "376"}]}, "abstentions": {"votant": {"acteurRef": "PA719472", "mandatRef": "PM842720", "parDelegation": "false", "numPlace": "282"}}}}}, {"organeRef": "PO845413", "nombreMembresGroupe": "71", "vote": {"positionMajoritaire": "contre", "decompteVoix": {"nonVotants": "1", "pour": "0", "contre": "31", "abstentions": "0", "nonVotantsVolontaires": "0"}, "decompteNominatif": {"nonVotants": {"votant": {"acteurRef": "PA795228", "mandatRef": "PM840447", "parDelegation": "false", "numPlace": "627", "causePositionVote": "PSE"}}, "pours": null, "contres": {"votant": [{"acteurRef": "PA841729", "mandatRef": "PM843287", "parDelegation": "false", "numPlace": "519"}, {"acteurRef": "PA817211", "mandatRef": "PM842600", "parDelegation": "false", "numPlace": "520"}, {"acteurRef": "PA793444", "mandatRef": "PM840270", "parDelegation": "false", "numPlace": "539"}, {"acteurRef": "PA795844", "mandatRef": "PM843515", "parDelegation": "false", "numPlace": "546"}, {"acteurRef": "PA721202", "mandatRef": "PM840435", "parDelegation": "false", "numPlace": "549"}, {"acteurRef": "PA793772", "mandatRef": "PM842708", "parDelegation": "false", "numPlace": "557"}, {"acteurRef": "PA842105", "mandatRef": "PM843626", "parDelegation": "false", "numPlace": "560"}, {"acteurRef": "PA841515", "mandatRef": "PM843089", "parDelegation": "false", "numPlace": "594"}, {"acteurRef": "PA842187", "mandatRef": "PM843704", "parDelegation": "false", "numPlace": "595"}, {"acteurRef": "PA795516", "mandatRef": "PM843452", "parDelegation": "false", "numPlace": "596"}, {"acteurRef": "PA841215", "mandatRef": "PM842801", "parDelegation": "false", "numPlace": "597"}, {"acteurRef": "PA795136", "mandatRef": "PM843353", "parDelegation": "false", "numPlace": "599"}, {"acteurRef": "PA721960", "mandatRef": "PM840378", "parDelegation": "false", "numPlace": "600"}, {"acteurRef": "PA791824", "mandatRef": "PM840375", "parDelegation": "false", "numPlace": "602"}, {"acteurRef": "PA795616", "mandatRef": "PM840462", "parDelegation": "false", "numPlace": "604"}, {"acteurRef": "PA842029", "mandatRef": "PM843575", "parDelegation": "false", "numPlace": "607"}, {"acteurRef": "PA794106", "mandatRef": "PM842885", "parDelegation": "false", "numPlace": "609"}, {"acteurRef": "PA794082", "mandatRef": "PM842810", "parDelegation": "false", "numPlace": "611"}, {"acteurRef": "PA720846", "mandatRef": "PM840441", "parDelegation": "true", "numPlace": "614"}, {"acteurRef": "PA842155", "mandatRef": "PM843674", "parDelegation": "false", "numPlace": "616"}, {"acteurRef": "PA793912", "mandatRef": "PM842795", "parDelegation": "false", "numPlace": "621"}, {"acteurRef": "PA794478", "mandatRef": "PM843107", "parDelegation": "false", "numPlace": "625"}, {"acteurRef": "PA794686", "mandatRef": "PM843080", "parDelegation": "false", "numPlace": "628"}, {"acteurRef": "PA841251", "mandatRef": "PM842837", "parDelegation": "false", "numPlace": "629"}, {"acteurRef": "PA795318", "mandatRef": "PM843689", "parDelegation": "false", "numPlace": "630"}, {"acteurRef": "PA796062", "mandatRef": "PM843668", "parDelegation": "false", "numPlace": "633"}, {"acteurRef": "PA342384", "mandatRef": "PM842771", "parDelegation": "false", "numPlace": "637"}, {"acteurRef": "PA795588", "mandatRef": "PM843557", "parDelegation": "false", "numPlace": "643"}, {"acteurRef": "PA841845", "mandatRef": "PM843407", "parDelegation": "false", "numPlace": "648"}, {"acteurRef": "PA795298", "mandatRef": "PM843683", "parDelegation": "false", "numPlace": "649"}, {"acteurRef": "PA793532", "mandatRef": "PM842591", "parDelegation": "false", "numPlace": "650"}]}, "abstentions": null}}}, {"organeRef": "PO845419", "nombreMembresGroupe": "66", "vote": {"positionMajoritaire": "contre", "decompteVoix": {"nonVotants": "0", "pour": "0", "contre": "16", "abstentions": "1", "nonVotantsVolontaires": "1"}, "decompteNominatif": {"nonVotants": null, "pours": null, "contres": {"votant": [{"acteurRef": "PA643192", "mandatRef": "PM843152", "parDelegation": "false", "numPlace": "409"}, {"acteurRef": "PA607553", "mandatRef": "PM843059", "parDelegation": "false", "numPlace": "413"}, {"acteurRef": "PA841919", "mandatRef": "PM843479", "parDelegation": "false", "numPlace": "420"}, {"acteurRef": "PA793624", "mandatRef": "PM842564", "parDelegation": "false", "numPlace": "422"}, {"acteurRef": "PA608172", "mandatRef": "PM843083", "parDelegation": "false", "numPlace": "426"}, {"acteurRef": "PA719930", "mandatRef": "PM842870", "parDelegation": "false", "numPlace": "427"}, {"acteurRef": "PA841853", "mandatRef": "PM843413", "parDelegation": "false", "numPlace": "430"}, {"acteurRef": "PA795430", "mandatRef": "PM843602", "parDelegation": "false", "numPlace": "432"}, {"acteurRef": "PA643143", "mandatRef": "PM843761", "parDelegation": "false", "numPlace": "440"}, {"acteurRef": "PA840955", "mandatRef": "PM842573", "parDelegation": "false", "numPlace": "444"}, {"acteurRef": "PA793394", "mandatRef": "PM842486", "parDelegation": "false", "numPlace": "453"}, {"acteurRef": "PA841107", "mandatRef": "PM842717", "parDelegation": "false", "numPlace": "474"}, {"acteurRef": "PA794854", "mandatRef": "PM843263", "parDelegation": "false", "numPlace": "550"}, {"acteurRef": "PA841893", "mandatRef": "PM843449", "parDelegation": "false", "numPlace": "552"}, {"acteurRef": "PA841295", "mandatRef": "PM842882", "parDelegation": "false", "numPlace": "554"}, {"acteurRef": "PA841463", "mandatRef": "PM843047", "parDelegation": "false", "numPlace": "568"}]}, "abstentions": {"votant": {"acteurRef": "PA342415", "mandatRef": "PM842774", "parDelegation": "false", "numPlace": "442"}}}}}, {"organeRef": "PO845425", "nombreMembresGroupe": "47", "vote": {"positionMajoritaire": "pour", "decompteVoix": {"nonVotants": "1", "pour": "8", "contre": "0", "abstentions": "0", "nonVotantsVolontaires": "0"}, "decompteNominatif": {"nonVotants": {"votant": {"acteurRef": "PA643089", "mandatRef": "PM843431", "parDelegation": "false", "numPlace": "206", "causePositionVote": "MG"}}, "pours": {"votant": [{"acteurRef": "PA722328", "mandatRef": "PM849127", "parDelegation": "false", "numPlace": "164"}, {"acteurRef": "PA346782", "mandatRef": "PM840426", "parDelegation": "false", "numPlace": "172"}, {"acteurRef": "PA608016", "mandatRef": "PM843155", "parDelegation": "false", "numPlace": "173"}, {"acteurRef": "PA607090", "mandatRef": "PM842903", "parDelegation": "true", "numPlace": "188"}, {"acteurRef": "PA841745", "mandatRef": "PM849125", "parDelegation": "false", "numPlace": "193"}, {"acteurRef": "PA642725", "mandatRef": "PM849129", "parDelegation": "false", "numPlace": "205"}, {"acteurRef": "PA695512", "mandatRef": "PM842963", "parDelegation": "false", "numPlace": "207"}, {"acteurRef": "PA408578", "mandatRef": "PM843662", "parDelegation": "false", "numPlace": "209"}]}, "contres": null, "abstentions": null}}}, {"organeRef": "PO845439", "nombreMembresGroupe": "38", "vote": {"positionMajoritaire": "contre", "decompteVoix": {"nonVotants": "0", "pour": "0", "contre": "11", "abstentions": "0", "nonVotantsVolontaires": "0"}, "decompteNominatif": {"nonVotants": null, "pours": null, "contres": {"votant": [{"acteurRef": "PA795808", "mandatRef": "PM843644", "parDelegation": "false", "numPlace": "499"}, {"acteurRef": "PA841507", "mandatRef": "PM843086", "parDelegation": "false", "numPlace": "500"}, {"acteurRef": "PA796018", "mandatRef": "PM843425", "parDelegation": "false", "numPlace": "502"}, {"acteurRef": "PA793948", "mandatRef": "PM842615", "parDelegation": "false", "numPlace": "503"}, {"acteurRef": "PA842045", "mandatRef": "PM843581", "parDelegation": "false", "numPlace": "506"}, {"acteurRef": "PA794146", "mandatRef": "PM842912", "parDelegation": "false", "numPlace": "511"}, {"acteurRef": "PA794008", "mandatRef": "PM842768", "parDelegation": "false", "numPlace": "515"}, {"acteurRef": "PA793780", "mandatRef": "PM842714", "parDelegation": "false", "numPlace": "517"}, {"acteurRef": "PA841701", "mandatRef": "PM843269", "parDelegation": "false", "numPlace": "523"}, {"acteurRef": "PA841885", "mandatRef": "PM843446", "parDelegation": "false", "numPlace": "534"}, {"acteurRef": "PA795454", "mandatRef": "PM843821", "parDelegation": "false", "numPlace": "542"}]}, "abstentions": null}}}, {"organeRef": "PO845454", "nombreMembresGroupe": "36", "vote": {"positionMajoritaire": "pour", "decompteVoix": {"nonVotants": "0", "pour": "10", "contre": "0", "abstentions": "0", "nonVotantsVolontaires": "0"}, "decompteNominatif": {"nonVotants": null, "pours": {"votant": [{"acteurRef": "PA719640", "mandatRef": "PM842831", "parDelegation": "false", "numPlace": "331"}, {"acteurRef": "PA794114", "mandatRef": "PM842888", "parDelegation": "false", "numPlace": "332"}, {"acteurRef": "PA719558", "mandatRef": "PM842663", "parDelegation": "false", "numPlace": "333"}, {"acteurRef": "PA720728", "mandatRef": "PM843257", "parDelegation": "false", "numPlace": "339"}, {"acteurRef": "PA719938", "mandatRef": "PM842873", "parDelegation": "false", "numPlace": "342"}, {"acteurRef": "PA795258", "mandatRef": "PM843794", "parDelegation": "true", "numPlace": "348"}, {"acteurRef": "PA720162", "mandatRef": "PM843068", "parDelegation": "true", "numPlace": "349"}, {"acteurRef": "PA795100", "mandatRef": "PM843335", "parDelegation": "false", "numPlace": "351"}, {"acteurRef": "PA794830", "mandatRef": "PM843209", "parDelegation": "false", "numPlace": "356"}, {"acteurRef": "PA805166", "mandatRef": "PM849145", "parDelegation": "false", "numPlace": "358"}]}, "contres": null, "abstentions": null}}}, {"organeRef": "PO845470", "nombreMembresGroupe": "34", "vote": {"positionMajoritaire": "pour", "decompteVoix": {"nonVotants": "1", "pour": "3", "contre": "0", "abstentions": "0", "nonVotantsVolontaires": "0"}, "decompteNominatif": {"nonVotants": {"votant": {"acteurRef": "PA720480", "mandatRef": "PM843101", "parDelegation": "false", "numPlace": "245", "causePositionVote": "MG"}}, "pours": {"votant": [{"acteurRef": "PA719778", "mandatRef": "PM842744", "parDelegation": "false", "numPlace": "233"}, {"acteurRef": "PA267780", "mandatRef": "PM843395", "parDelegation": "false", "numPlace": "234"}, {"acteurRef": "PA721844", "mandatRef": "PM843461", "parDelegation": "false", "numPlace": "236"}]}, "contres": null, "abstentions": null}}}, {"organeRef": "PO845485", "nombreMembresGroupe": "23", "vote": {"positionMajoritaire": "pour", "decompteVoix": {"nonVotants": "0", "pour": "1", "contre": "1", "abstentions": "0", "nonVotantsVolontaires": "0"}, "decompteNominatif": {"nonVotants": null, "pours": {"votant": {"acteurRef": "PA841931", "mandatRef": "PM843485", "parDelegation": "false", "numPlace": "394"}}, "contres": {"votant": {"acteurRef": "PA942", "mandatRef": "PM842987", "parDelegation": "false", "numPlace": "383"}}, "abstentions": null}}}, {"organeRef": "PO845514", "nombreMembresGroupe": "17", "vote": {"positionMajoritaire": "contre", "decompteVoix": {"nonVotants": "0", "pour": "0", "contre": "4", "abstentions": "0", "nonVotantsVolontaires": "0"}, "decompteNominatif": {"nonVotants": null, "pours": null, "contres": {"votant": [{"acteurRef": "PA842271", "mandatRef": "PM843776", "parDelegation": "false", "numPlace": "584"}, {"acteurRef": "PA796106", "mandatRef": "PM843383", "parDelegation": "false", "numPlace": "585"}, {"acteurRef": "PA720838", "mandatRef": "PM843671", "parDelegation": "false", "numPlace": "589"}, {"acteurRef": "PA605745", "mandatRef": "PM842504", "parDelegation": "false", "numPlace": "592"}]}, "abstentions": null}}}, {"organeRef": "PO847173", "nombreMembresGroupe": "16", "vote": {"positionMajoritaire": "pour", "decompteVoix": {"nonVotants": "0", "pour": "3", "contre": "0", "abstentions": "0", "nonVotantsVolontaires": "0"}, "decompteNominatif": {"nonVotants": null, "pours": {"votant": [{"acteurRef": "PA840809", "mandatRef": "PM842474", "parDelegation": "false", "numPlace": "088"}, {"acteurRef": "PA841769", "mandatRef": "PM843323", "parDelegation": "false", "numPlace": "096"}, {"acteurRef": "PA841395", "mandatRef": "PM842981", "parDelegation": "false", "numPlace": "112"}]}, "contres": null, "abstentions": null}}}, {"organeRef": "PO840056", "nombreMembresGroupe": "8", "vote": {"positionMajoritaire": "pour", "decompteVoix": {"nonVotants": "0", "pour": "0", "contre": "0", "abstentions": "0", "nonVotantsVolontaires": "0"}, "decompteNominatif": {"nonVotants": null, "pours": null, "contres": null, "abstentions": null}}}]}}}, "miseAuPoint": {"nonVotants": [null, null], "pours": null, "abstentions": [null, null], "nonVotantsVolontaires": [null, null], "contres": null, "dysfonctionnement": {"nonVotants": null, "pour": null, "contre": null, "abstentions": null, "nonVotantsVolontaires": null}}, "lieuVote": "H\u00e9micycle"}}