{"scrutin": {"@xmlns": "http://schemas.assemblee-nationale.fr/referentiel", "@xmlns:xsi": "http://www.w3.org/2001/XMLSchema-instance", "uid": "VTANR5L17V240", "numero": "240", "organeRef": "PO838901", "legislature": "17", "sessionRef": "SCR5A2025O1", "seanceRef": "RUANR5L17S2025IDS28650", "dateScrutin": "2024-11-04", "quantiemeJourSeance": "2", "typeVote": {"codeTypeVote": "SPO", "libelleTypeVote": "scrutin public ordinaire", "typeMajorite": "Majorit\u00e9 absolue des suffrages exprim\u00e9s"}, "sort": {"code": "adopt\u00e9", "libelle": "l'Assembl\u00e9e nationale a adopt\u00e9"}, "titre": "l'amendement n\u00b0 632 de Mme Sylvie Bonnet et les amendements identiques suivants \u00e0 l'article 14 et annexe du projet de loi de financement de la s\u00e9curit\u00e9 sociale pour 2025 (premi\u00e8re lecture).", "demandeur": {"texte": "Pr\u00e9sidente de s\u00e9ance", "referenceLegislative": null}, "objet": {"libelle": "l'amendement n\u00b0 632 de Mme Sylvie Bonnet et les amendements identiques suivants \u00e0 l'article 14 et annexe du projet de loi de financement de la s\u00e9curit\u00e9 sociale pour 2025 (premi\u00e8re lecture).", "dossierLegislatif": null, "referenceLegislative": null}, "modePublicationDesVotes": "DecompteNominatif", "syntheseVote": {"nombreVotants": "182", "suffragesExprimes": "144", "nbrSuffragesRequis": "73", "annonce": "l'Assembl\u00e9e nationale a adopt\u00e9", "decompte": {"nonVotants": "2", "pour": "79", "contre": "65", "abstentions": "38", "nonVotantsVolontaires": "0"}}, "ventilationVotes": {"organe": {"organeRef": "PO838901", "groupes": {"groupe": [{"organeRef": "PO845401", "nombreMembresGroupe": "125", "vote": {"positionMajoritaire": "pour", "decompteVoix": {"nonVotants": "0", "pour": "48", "contre": "0", "abstentions": "0", "nonVotantsVolontaires": "0"}, "decompteNominatif": {"nonVotants": null, "pours": {"votant": [{"acteurRef": "PA793432", "mandatRef": "PM840276", "parDelegation": "false", "numPlace": "080"}, {"acteurRef": "PA841495", "mandatRef": "PM843065", "parDelegation": "false", "numPlace": "010"}, {"acteurRef": "PA793238", "mandatRef": "PM842426", "parDelegation": "true", "numPlace": "073"}, {"acteurRef": "PA793158", "mandatRef": "PM840258", "parDelegation": "false", "numPlace": "075"}, {"acteurRef": "PA794434", "mandatRef": "PM842990", "parDelegation": "false", "numPlace": "084"}, {"acteurRef": "PA841645", "mandatRef": "PM843200", "parDelegation": "false", "numPlace": "054"}, {"acteurRef": "PA796042", "mandatRef": "PM843428", "parDelegation": "false", "numPlace": "017"}, {"acteurRef": "PA793844", "mandatRef": "PM842681", "parDelegation": "false", "numPlace": "135"}, {"acteurRef": "PA841131", "mandatRef": "PM842735", "parDelegation": "false", "numPlace": "124"}, {"acteurRef": "PA793548", "mandatRef": "PM842606", "parDelegation": "false", "numPlace": "023"}, {"acteurRef": "PA795644", "mandatRef": "PM843560", "parDelegation": "true", "numPlace": "158"}, {"acteurRef": "PA841613", "mandatRef": "PM843170", "parDelegation": "false", "numPlace": "144"}, {"acteurRef": "PA840119", "mandatRef": "PM840321", "parDelegation": "false", "numPlace": "024"}, {"acteurRef": "PA793928", "mandatRef": "PM840294", "parDelegation": "false", "numPlace": "033"}, {"acteurRef": "PA793146", "mandatRef": "PM840252", "parDelegation": "false", "numPlace": "120"}, {"acteurRef": "PA840135", "mandatRef": "PM840330", "parDelegation": "false", "numPlace": "038"}, {"acteurRef": "PA842073", "mandatRef": "PM843611", "parDelegation": "false", "numPlace": "027"}, {"acteurRef": "PA794718", "mandatRef": "PM840348", "parDelegation": "true", "numPlace": "140"}, {"acteurRef": "PA841621", "mandatRef": "PM843173", "parDelegation": "false", "numPlace": "143"}, {"acteurRef": "PA840143", "mandatRef": "PM840336", "parDelegation": "false", "numPlace": "130"}, {"acteurRef": "PA794678", "mandatRef": "PM840312", "parDelegation": "false", "numPlace": "048"}, {"acteurRef": "PA793892", "mandatRef": "PM842738", "parDelegation": "false", "numPlace": "063"}, {"acteurRef": "PA793832", "mandatRef": "PM842678", "parDelegation": "false", "numPlace": "129"}, {"acteurRef": "PA841777", "mandatRef": "PM843326", "parDelegation": "false", "numPlace": "002"}, {"acteurRef": "PA794734", "mandatRef": "PM843146", "parDelegation": "false", "numPlace": "008"}, {"acteurRef": "PA795900", "mandatRef": "PM843524", "parDelegation": "false", "numPlace": "006"}, {"acteurRef": "PA842085", "mandatRef": "PM843617", "parDelegation": "false", "numPlace": "081"}, {"acteurRef": "PA794598", "mandatRef": "PM843026", "parDelegation": "false", "numPlace": "086"}, {"acteurRef": "PA841439", "mandatRef": "PM843023", "parDelegation": "false", "numPlace": "149"}, {"acteurRef": "PA841749", "mandatRef": "PM843305", "parDelegation": "true", "numPlace": "011"}, {"acteurRef": "PA841075", "mandatRef": "PM842690", "parDelegation": "false", "numPlace": "018"}, {"acteurRef": "PA841837", "mandatRef": "PM843404", "parDelegation": "false", "numPlace": "116"}, {"acteurRef": "PA796026", "mandatRef": "PM840390", "parDelegation": "false", "numPlace": "053"}, {"acteurRef": "PA841873", "mandatRef": "PM843434", "parDelegation": "false", "numPlace": "122"}, {"acteurRef": "PA840967", "mandatRef": "PM842579", "parDelegation": "false", "numPlace": "154"}, {"acteurRef": "PA793672", "mandatRef": "PM842555", "parDelegation": "false", "numPlace": "031"}, {"acteurRef": "PA793904", "mandatRef": "PM840288", "parDelegation": "false", "numPlace": "125"}, {"acteurRef": "PA721932", "mandatRef": "PM843632", "parDelegation": "false", "numPlace": "147"}, {"acteurRef": "PA795974", "mandatRef": "PM840387", "parDelegation": "true", "numPlace": "022"}, {"acteurRef": "PA841587", "mandatRef": "PM843149", "parDelegation": "false", "numPlace": "013"}, {"acteurRef": "PA841825", "mandatRef": "PM843392", "parDelegation": "false", "numPlace": "155"}, {"acteurRef": "PA793354", "mandatRef": "PM842462", "parDelegation": "false", "numPlace": "012"}, {"acteurRef": "PA794322", "mandatRef": "PM842942", "parDelegation": "false", "numPlace": "040"}, {"acteurRef": "PA793852", "mandatRef": "PM842684", "parDelegation": "true", "numPlace": "145"}, {"acteurRef": "PA794582", "mandatRef": "PM840300", "parDelegation": "false", "numPlace": "101"}, {"acteurRef": "PA793230", "mandatRef": "PM842423", "parDelegation": "false", "numPlace": "019"}, {"acteurRef": "PA842227", "mandatRef": "PM843734", "parDelegation": "false", "numPlace": "032"}, {"acteurRef": "PA795410", "mandatRef": "PM843440", "parDelegation": "false", "numPlace": "152"}]}, "contres": null, "abstentions": null}}}, {"organeRef": "PO845407", "nombreMembresGroupe": "94", "vote": {"positionMajoritaire": "contre", "decompteVoix": {"nonVotants": "1", "pour": "0", "contre": "31", "abstentions": "0", "nonVotantsVolontaires": "0"}, "decompteNominatif": {"nonVotants": {"votant": {"acteurRef": "PA721908", "mandatRef": "PM843467", "parDelegation": "false", "numPlace": "402", "causePositionVote": "PAN"}}, "pours": null, "contres": {"votant": [{"acteurRef": "PA722046", "mandatRef": "PM843482", "parDelegation": "false", "numPlace": "270"}, {"acteurRef": "PA717161", "mandatRef": "PM842396", "parDelegation": "false", "numPlace": "255"}, {"acteurRef": "PA722000", "mandatRef": "PM843542", "parDelegation": "false", "numPlace": "293"}, {"acteurRef": "PA721750", "mandatRef": "PM843647", "parDelegation": "false", "numPlace": "301"}, {"acteurRef": "PA795330", "mandatRef": "PM843800", "parDelegation": "false", "numPlace": "273"}, {"acteurRef": "PA842311", "mandatRef": "PM843803", "parDelegation": "false", "numPlace": "384"}, {"acteurRef": "PA794982", "mandatRef": "PM843329", "parDelegation": "true", "numPlace": "272"}, {"acteurRef": "PA722382", "mandatRef": "PM843314", "parDelegation": "false", "numPlace": "249"}, {"acteurRef": "PA720154", "mandatRef": "PM842852", "parDelegation": "false", "numPlace": "314"}, {"acteurRef": "PA793270", "mandatRef": "PM842441", "parDelegation": "false", "numPlace": "303"}, {"acteurRef": "PA719550", "mandatRef": "PM842660", "parDelegation": "true", "numPlace": "265"}, {"acteurRef": "PA721584", "mandatRef": "PM843518", "parDelegation": "false", "numPlace": "248"}, {"acteurRef": "PA795920", "mandatRef": "PM843653", "parDelegation": "false", "numPlace": "274"}, {"acteurRef": "PA2960", "mandatRef": "PM843140", "parDelegation": "false", "numPlace": "250"}, {"acteurRef": "PA795046", "mandatRef": "PM843818", "parDelegation": "false", "numPlace": "324"}, {"acteurRef": "PA842147", "mandatRef": "PM849135", "parDelegation": "false", "numPlace": "400"}, {"acteurRef": "PA840713", "mandatRef": "PM849139", "parDelegation": "false", "numPlace": "321"}, {"acteurRef": "PA267200", "mandatRef": "PM843098", "parDelegation": "false", "numPlace": "380"}, {"acteurRef": "PA719798", "mandatRef": "PM842753", "parDelegation": "false", "numPlace": "262"}, {"acteurRef": "PA719388", "mandatRef": "PM842642", "parDelegation": "false", "numPlace": "254"}, {"acteurRef": "PA719756", "mandatRef": "PM842813", "parDelegation": "false", "numPlace": "280"}, {"acteurRef": "PA795386", "mandatRef": "PM843695", "parDelegation": "true", "numPlace": "284"}, {"acteurRef": "PA720446", "mandatRef": "PM843095", "parDelegation": "false", "numPlace": "258"}, {"acteurRef": "PA717379", "mandatRef": "PM843374", "parDelegation": "false", "numPlace": "256"}, {"acteurRef": "PA720146", "mandatRef": "PM842849", "parDelegation": "false", "numPlace": "376"}, {"acteurRef": "PA795176", "mandatRef": "PM843788", "parDelegation": "false", "numPlace": "385"}, {"acteurRef": "PA795664", "mandatRef": "PM843569", "parDelegation": "false", "numPlace": "368"}, {"acteurRef": "PA719632", "mandatRef": "PM842828", "parDelegation": "false", "numPlace": "378"}, {"acteurRef": "PA335758", "mandatRef": "PM843437", "parDelegation": "false", "numPlace": "261"}, {"acteurRef": "PA721426", "mandatRef": "PM843356", "parDelegation": "false", "numPlace": "302"}, {"acteurRef": "PA720066", "mandatRef": "PM842933", "parDelegation": "false", "numPlace": "260"}]}, "abstentions": null}}}, {"organeRef": "PO845413", "nombreMembresGroupe": "71", "vote": {"positionMajoritaire": "abstention", "decompteVoix": {"nonVotants": "1", "pour": "0", "contre": "0", "abstentions": "33", "nonVotantsVolontaires": "33"}, "decompteNominatif": {"nonVotants": {"votant": {"acteurRef": "PA795310", "mandatRef": "PM840453", "parDelegation": "false", "numPlace": "634", "causePositionVote": "PSE"}}, "pours": null, "contres": null, "abstentions": {"votant": [{"acteurRef": "PA793772", "mandatRef": "PM842708", "parDelegation": "false", "numPlace": "557"}, {"acteurRef": "PA841947", "mandatRef": "PM843503", "parDelegation": "false", "numPlace": "559"}, {"acteurRef": "PA793744", "mandatRef": "PM842696", "parDelegation": "false", "numPlace": "561"}, {"acteurRef": "PA841023", "mandatRef": "PM842645", "parDelegation": "false", "numPlace": "570"}, {"acteurRef": "PA793262", "mandatRef": "PM842438", "parDelegation": "false", "numPlace": "571"}, {"acteurRef": "PA795596", "mandatRef": "PM840456", "parDelegation": "false", "numPlace": "573"}, {"acteurRef": "PA842187", "mandatRef": "PM843704", "parDelegation": "false", "numPlace": "595"}, {"acteurRef": "PA795136", "mandatRef": "PM843353", "parDelegation": "false", "numPlace": "599"}, {"acteurRef": "PA793464", "mandatRef": "PM840273", "parDelegation": "false", "numPlace": "606"}, {"acteurRef": "PA842029", "mandatRef": "PM843575", "parDelegation": "false", "numPlace": "607"}, {"acteurRef": "PA795672", "mandatRef": "PM843752", "parDelegation": "false", "numPlace": "612"}, {"acteurRef": "PA721062", "mandatRef": "PM843740", "parDelegation": "false", "numPlace": "615"}, {"acteurRef": "PA794938", "mandatRef": "PM843308", "parDelegation": "false", "numPlace": "619"}, {"acteurRef": "PA842037", "mandatRef": "PM843578", "parDelegation": "false", "numPlace": "620"}, {"acteurRef": "PA793912", "mandatRef": "PM842795", "parDelegation": "false", "numPlace": "621"}, {"acteurRef": "PA342384", "mandatRef": "PM842771", "parDelegation": "false", "numPlace": "637"}, {"acteurRef": "PA841191", "mandatRef": "PM842789", "parDelegation": "false", "numPlace": "639"}, {"acteurRef": "PA795482", "mandatRef": "PM843605", "parDelegation": "false", "numPlace": "642"}, {"acteurRef": "PA795588", "mandatRef": "PM843557", "parDelegation": "false", "numPlace": "643"}, {"acteurRef": "PA795422", "mandatRef": "PM843599", "parDelegation": "false", "numPlace": "644"}, {"acteurRef": "PA795746", "mandatRef": "PM843584", "parDelegation": "false", "numPlace": "645"}, {"acteurRef": "PA793532", "mandatRef": "PM842591", "parDelegation": "false", "numPlace": "650"}, {"acteurRef": "PA841657", "mandatRef": "PM843224", "parDelegation": "false", "numPlace": "518"}, {"acteurRef": "PA841729", "mandatRef": "PM843287", "parDelegation": "false", "numPlace": "519"}, {"acteurRef": "PA817211", "mandatRef": "PM842600", "parDelegation": "false", "numPlace": "520"}, {"acteurRef": "PA794138", "mandatRef": "PM842909", "parDelegation": "false", "numPlace": "526"}, {"acteurRef": "PA796090", "mandatRef": "PM840372", "parDelegation": "true", "numPlace": "528"}, {"acteurRef": "PA795200", "mandatRef": "PM843386", "parDelegation": "false", "numPlace": "536"}, {"acteurRef": "PA794130", "mandatRef": "PM840297", "parDelegation": "true", "numPlace": "537"}, {"acteurRef": "PA795108", "mandatRef": "PM843338", "parDelegation": "false", "numPlace": "538"}, {"acteurRef": "PA795844", "mandatRef": "PM843515", "parDelegation": "false", "numPlace": "546"}, {"acteurRef": "PA794786", "mandatRef": "PM843242", "parDelegation": "false", "numPlace": "547"}, {"acteurRef": "PA793872", "mandatRef": "PM840285", "parDelegation": "false", "numPlace": "548"}]}}}}, {"organeRef": "PO845419", "nombreMembresGroupe": "66", "vote": {"positionMajoritaire": "contre", "decompteVoix": {"nonVotants": "0", "pour": "12", "contre": "4", "abstentions": "1", "nonVotantsVolontaires": "1"}, "decompteNominatif": {"nonVotants": null, "pours": {"votant": [{"acteurRef": "PA643143", "mandatRef": "PM843761", "parDelegation": "false", "numPlace": "440"}, {"acteurRef": "PA795762", "mandatRef": "PM843767", "parDelegation": "false", "numPlace": "437"}, {"acteurRef": "PA793394", "mandatRef": "PM842486", "parDelegation": "true", "numPlace": "453"}, {"acteurRef": "PA795430", "mandatRef": "PM843602", "parDelegation": "false", "numPlace": "432"}, {"acteurRef": "PA606573", "mandatRef": "PM842732", "parDelegation": "false", "numPlace": "447"}, {"acteurRef": "PA840939", "mandatRef": "PM842567", "parDelegation": "false", "numPlace": "450"}, {"acteurRef": "PA331973", "mandatRef": "PM842624", "parDelegation": "false", "numPlace": "441"}, {"acteurRef": "PA720992", "mandatRef": "PM843710", "parDelegation": "false", "numPlace": "448"}, {"acteurRef": "PA1567", "mandatRef": "PM843572", "parDelegation": "false", "numPlace": "417"}, {"acteurRef": "PA841471", "mandatRef": "PM843050", "parDelegation": "false", "numPlace": "569"}, {"acteurRef": "PA840955", "mandatRef": "PM842573", "parDelegation": "false", "numPlace": "444"}, {"acteurRef": "PA841327", "mandatRef": "PM842915", "parDelegation": "false", "numPlace": "460"}]}, "contres": {"votant": [{"acteurRef": "PA608264", "mandatRef": "PM843179", "parDelegation": "false", "numPlace": "475"}, {"acteurRef": "PA841091", "mandatRef": "PM842705", "parDelegation": "false", "numPlace": "473"}, {"acteurRef": "PA841893", "mandatRef": "PM843449", "parDelegation": "false", "numPlace": "552"}, {"acteurRef": "PA341981", "mandatRef": "PM842822", "parDelegation": "false", "numPlace": "438"}]}, "abstentions": {"votant": {"acteurRef": "PA826635", "mandatRef": "PM843473", "parDelegation": "false", "numPlace": "425"}}}}}, {"organeRef": "PO845425", "nombreMembresGroupe": "47", "vote": {"positionMajoritaire": "pour", "decompteVoix": {"nonVotants": "0", "pour": "12", "contre": "0", "abstentions": "0", "nonVotantsVolontaires": "0"}, "decompteNominatif": {"nonVotants": null, "pours": {"votant": [{"acteurRef": "PA642847", "mandatRef": "PM843056", "parDelegation": "false", "numPlace": "165"}, {"acteurRef": "PA342240", "mandatRef": "PM842819", "parDelegation": "false", "numPlace": "192"}, {"acteurRef": "PA330008", "mandatRef": "PM842366", "parDelegation": "false", "numPlace": "171"}, {"acteurRef": "PA722390", "mandatRef": "PM843317", "parDelegation": "false", "numPlace": "181"}, {"acteurRef": "PA720386", "mandatRef": "PM843020", "parDelegation": "false", "numPlace": "167"}, {"acteurRef": "PA608826", "mandatRef": "PM843365", "parDelegation": "false", "numPlace": "185"}, {"acteurRef": "PA794178", "mandatRef": "PM842897", "parDelegation": "false", "numPlace": "190"}, {"acteurRef": "PA642725", "mandatRef": "PM849129", "parDelegation": "false", "numPlace": "205"}, {"acteurRef": "PA722328", "mandatRef": "PM849127", "parDelegation": "false", "numPlace": "164"}, {"acteurRef": "PA695512", "mandatRef": "PM842963", "parDelegation": "false", "numPlace": "207"}, {"acteurRef": "PA794038", "mandatRef": "PM842783", "parDelegation": "false", "numPlace": "186"}, {"acteurRef": "PA721442", "mandatRef": "PM843362", "parDelegation": "false", "numPlace": "197"}]}, "contres": null, "abstentions": null}}}, {"organeRef": "PO845439", "nombreMembresGroupe": "38", "vote": {"positionMajoritaire": "contre", "decompteVoix": {"nonVotants": "0", "pour": "0", "contre": "7", "abstentions": "2", "nonVotantsVolontaires": "2"}, "decompteNominatif": {"nonVotants": null, "pours": null, "contres": {"votant": [{"acteurRef": "PA793708", "mandatRef": "PM842525", "parDelegation": "false", "numPlace": "491"}, {"acteurRef": "PA795808", "mandatRef": "PM843644", "parDelegation": "false", "numPlace": "499"}, {"acteurRef": "PA794146", "mandatRef": "PM842912", "parDelegation": "true", "numPlace": "511"}, {"acteurRef": "PA795636", "mandatRef": "PM843476", "parDelegation": "true", "numPlace": "514"}, {"acteurRef": "PA793452", "mandatRef": "PM842453", "parDelegation": "false", "numPlace": "524"}, {"acteurRef": "PA841885", "mandatRef": "PM843446", "parDelegation": "false", "numPlace": "534"}, {"acteurRef": "PA841713", "mandatRef": "PM843275", "parDelegation": "false", "numPlace": "540"}]}, "abstentions": {"votant": [{"acteurRef": "PA794154", "mandatRef": "PM842918", "parDelegation": "false", "numPlace": "498"}, {"acteurRef": "PA794778", "mandatRef": "PM843239", "parDelegation": "false", "numPlace": "501"}]}}}}, {"organeRef": "PO845454", "nombreMembresGroupe": "36", "vote": {"positionMajoritaire": "abstention", "decompteVoix": {"nonVotants": "0", "pour": "0", "contre": "13", "abstentions": "2", "nonVotantsVolontaires": "2"}, "decompteNominatif": {"nonVotants": null, "pours": null, "contres": {"votant": [{"acteurRef": "PA794114", "mandatRef": "PM842888", "parDelegation": "false", "numPlace": "332"}, {"acteurRef": "PA719558", "mandatRef": "PM842663", "parDelegation": "false", "numPlace": "333"}, {"acteurRef": "PA719822", "mandatRef": "PM842762", "parDelegation": "false", "numPlace": "334"}, {"acteurRef": "PA331582", "mandatRef": "PM842639", "parDelegation": "false", "numPlace": "337"}, {"acteurRef": "PA720728", "mandatRef": "PM843257", "parDelegation": "false", "numPlace": "339"}, {"acteurRef": "PA795374", "mandatRef": "PM843593", "parDelegation": "false", "numPlace": "341"}, {"acteurRef": "PA719024", "mandatRef": "PM842390", "parDelegation": "false", "numPlace": "344"}, {"acteurRef": "PA795258", "mandatRef": "PM843794", "parDelegation": "false", "numPlace": "348"}, {"acteurRef": "PA795100", "mandatRef": "PM843335", "parDelegation": "false", "numPlace": "351"}, {"acteurRef": "PA722374", "mandatRef": "PM843302", "parDelegation": "false", "numPlace": "353"}, {"acteurRef": "PA722162", "mandatRef": "PM843596", "parDelegation": "false", "numPlace": "354"}, {"acteurRef": "PA805166", "mandatRef": "PM849145", "parDelegation": "false", "numPlace": "358"}, {"acteurRef": "PA720256", "mandatRef": "PM843041", "parDelegation": "false", "numPlace": "371"}]}, "abstentions": {"votant": [{"acteurRef": "PA794702", "mandatRef": "PM843248", "parDelegation": "false", "numPlace": "340"}, {"acteurRef": "PA721234", "mandatRef": "PM843692", "parDelegation": "false", "numPlace": "352"}]}}}}, {"organeRef": "PO845470", "nombreMembresGroupe": "34", "vote": {"positionMajoritaire": "contre", "decompteVoix": {"nonVotants": "0", "pour": "0", "contre": "7", "abstentions": "0", "nonVotantsVolontaires": "0"}, "decompteNominatif": {"nonVotants": null, "pours": null, "contres": {"votant": [{"acteurRef": "PA795026", "mandatRef": "PM843368", "parDelegation": "false", "numPlace": "223"}, {"acteurRef": "PA794470", "mandatRef": "PM843104", "parDelegation": "false", "numPlace": "225"}, {"acteurRef": "PA842125", "mandatRef": "PM843641", "parDelegation": "false", "numPlace": "228"}, {"acteurRef": "PA794234", "mandatRef": "PM842969", "parDelegation": "false", "numPlace": "231"}, {"acteurRef": "PA722070", "mandatRef": "PM843548", "parDelegation": "false", "numPlace": "239"}, {"acteurRef": "PA719032", "mandatRef": "PM842393", "parDelegation": "false", "numPlace": "241"}, {"acteurRef": "PA841431", "mandatRef": "PM843017", "parDelegation": "false", "numPlace": "243"}]}, "abstentions": null}}}, {"organeRef": "PO845485", "nombreMembresGroupe": "23", "vote": {"positionMajoritaire": "pour", "decompteVoix": {"nonVotants": "0", "pour": "2", "contre": "1", "abstentions": "0", "nonVotantsVolontaires": "0"}, "decompteNominatif": {"nonVotants": null, "pours": {"votant": [{"acteurRef": "PA721486", "mandatRef": "PM843614", "parDelegation": "false", "numPlace": "407"}, {"acteurRef": "PA793210", "mandatRef": "PM842417", "parDelegation": "false", "numPlace": "456"}]}, "contres": {"votant": {"acteurRef": "PA942", "mandatRef": "PM842987", "parDelegation": "false", "numPlace": "383"}}, "abstentions": null}}}, {"organeRef": "PO845514", "nombreMembresGroupe": "17", "vote": {"positionMajoritaire": "pour", "decompteVoix": {"nonVotants": "0", "pour": "1", "contre": "1", "abstentions": "0", "nonVotantsVolontaires": "0"}, "decompteNominatif": {"nonVotants": null, "pours": {"votant": {"acteurRef": "PA842271", "mandatRef": "PM843776", "parDelegation": "false", "numPlace": "584"}}, "contres": {"votant": {"acteurRef": "PA796010", "mandatRef": "PM843743", "parDelegation": "false", "numPlace": "577"}}, "abstentions": null}}}, {"organeRef": "PO847173", "nombreMembresGroupe": "16", "vote": {"positionMajoritaire": "pour", "decompteVoix": {"nonVotants": "0", "pour": "4", "contre": "0", "abstentions": "0", "nonVotantsVolontaires": "0"}, "decompteNominatif": {"nonVotants": null, "pours": {"votant": [{"acteurRef": "PA840657", "mandatRef": "PM842333", "parDelegation": "false", "numPlace": "092"}, {"acteurRef": "PA841769", "mandatRef": "PM843323", "parDelegation": "false", "numPlace": "096"}, {"acteurRef": "PA840773", "mandatRef": "PM842456", "parDelegation": "false", "numPlace": "103"}, {"acteurRef": "PA841395", "mandatRef": "PM842981", "parDelegation": "false", "numPlace": "112"}]}, "contres": null, "abstentions": null}}}, {"organeRef": "PO840056", "nombreMembresGroupe": "8", "vote": {"positionMajoritaire": "contre", "decompteVoix": {"nonVotants": "0", "pour": "0", "contre": "1", "abstentions": "0", "nonVotantsVolontaires": "0"}, "decompteNominatif": {"nonVotants": null, "pours": null, "contres": {"votant": {"acteurRef": "PA643175", "mandatRef": "PM842840", "parDelegation": "false", "numPlace": "403"}}, "abstentions": null}}}]}}}, "miseAuPoint": {"nonVotants": [null, null], "pours": null, "abstentions": [null, null], "nonVotantsVolontaires": [null, null], "contres": null, "dysfonctionnement": {"nonVotants": null, "pour": null, "contre": null, "abstentions": null, "nonVotantsVolontaires": null}}, "lieuVote": "H\u00e9micycle"}}