{"scrutin": {"@xmlns": "http://schemas.assemblee-nationale.fr/referentiel", "@xmlns:xsi": "http://www.w3.org/2001/XMLSchema-instance", "uid": "VTANR5L17V7", "numero": "7", "organeRef": "PO838901", "legislature": "17", "sessionRef": "SCR5A2025O1", "seanceRef": "RUANR5L17S2025IDS28586", "dateScrutin": "2024-10-22", "quantiemeJourSeance": "1", "typeVote": {"codeTypeVote": "SPO", "libelleTypeVote": "scrutin public ordinaire", "typeMajorite": "Majorit\u00e9 absolue des suffrages exprim\u00e9s"}, "sort": {"code": "rejet\u00e9", "libelle": "L'Assembl\u00e9e nationale n'a pas adopt\u00e9"}, "titre": "l'amendement n\u00b0 2085 de M. Lef\u00e8vre et l'amendement identique suivant \u00e0 l'article liminaire du projet de loi de finances pour 2025 (premi\u00e8re lecture).", "demandeur": {"texte": "Pr\u00e9sidente de s\u00e9ance", "referenceLegislative": null}, "objet": {"libelle": "l'amendement n\u00b0 2085 de M. Lef\u00e8vre et l'amendement identique suivant \u00e0 l'article liminaire du projet de loi de finances pour 2025 (premi\u00e8re lecture).", "dossierLegislatif": null, "referenceLegislative": null}, "modePublicationDesVotes": "DecompteNominatif", "syntheseVote": {"nombreVotants": "196", "suffragesExprimes": "195", "nbrSuffragesRequis": "98", "annonce": "L'Assembl\u00e9e nationale n'a pas adopt\u00e9", "decompte": {"nonVotants": "4", "pour": "71", "contre": "124", "abstentions": "1", "nonVotantsVolontaires": "0"}}, "ventilationVotes": {"organe": {"organeRef": "PO838901", "groupes": {"groupe": [{"organeRef": "PO845401", "nombreMembresGroupe": "125", "vote": {"positionMajoritaire": "pour", "decompteVoix": {"nonVotants": "0", "pour": "56", "contre": "0", "abstentions": "0", "nonVotantsVolontaires": "0"}, "decompteNominatif": {"nonVotants": null, "pours": {"votant": [{"acteurRef": "PA793362", "mandatRef": "PM842465", "parDelegation": "false", "numPlace": "001"}, {"acteurRef": "PA794954", "mandatRef": "PM840357", "parDelegation": "false", "numPlace": "003"}, {"acteurRef": "PA841451", "mandatRef": "PM843035", "parDelegation": "false", "numPlace": "005"}, {"acteurRef": "PA795900", "mandatRef": "PM843524", "parDelegation": "false", "numPlace": "006"}, {"acteurRef": "PA794198", "mandatRef": "PM842876", "parDelegation": "false", "numPlace": "007"}, {"acteurRef": "PA841587", "mandatRef": "PM843149", "parDelegation": "false", "numPlace": "013"}, {"acteurRef": "PA840801", "mandatRef": "PM842471", "parDelegation": "false", "numPlace": "014"}, {"acteurRef": "PA796050", "mandatRef": "PM840411", "parDelegation": "false", "numPlace": "015"}, {"acteurRef": "PA841737", "mandatRef": "PM843290", "parDelegation": "false", "numPlace": "016"}, {"acteurRef": "PA841075", "mandatRef": "PM842690", "parDelegation": "false", "numPlace": "018"}, {"acteurRef": "PA793230", "mandatRef": "PM842423", "parDelegation": "false", "numPlace": "019"}, {"acteurRef": "PA719436", "mandatRef": "PM840279", "parDelegation": "false", "numPlace": "020"}, {"acteurRef": "PA795974", "mandatRef": "PM840387", "parDelegation": "false", "numPlace": "022"}, {"acteurRef": "PA793548", "mandatRef": "PM842606", "parDelegation": "true", "numPlace": "023"}, {"acteurRef": "PA840119", "mandatRef": "PM840321", "parDelegation": "false", "numPlace": "024"}, {"acteurRef": "PA794418", "mandatRef": "PM840309", "parDelegation": "false", "numPlace": "025"}, {"acteurRef": "PA842073", "mandatRef": "PM843611", "parDelegation": "false", "numPlace": "027"}, {"acteurRef": "PA720468", "mandatRef": "PM840333", "parDelegation": "false", "numPlace": "028"}, {"acteurRef": "PA793672", "mandatRef": "PM842555", "parDelegation": "false", "numPlace": "031"}, {"acteurRef": "PA793928", "mandatRef": "PM840294", "parDelegation": "false", "numPlace": "033"}, {"acteurRef": "PA795778", "mandatRef": "PM843509", "parDelegation": "false", "numPlace": "035"}, {"acteurRef": "PA794030", "mandatRef": "PM842780", "parDelegation": "false", "numPlace": "039"}, {"acteurRef": "PA794678", "mandatRef": "PM840312", "parDelegation": "false", "numPlace": "048"}, {"acteurRef": "PA794530", "mandatRef": "PM840327", "parDelegation": "true", "numPlace": "051"}, {"acteurRef": "PA793374", "mandatRef": "PM842477", "parDelegation": "false", "numPlace": "052"}, {"acteurRef": "PA793182", "mandatRef": "PM842387", "parDelegation": "false", "numPlace": "056"}, {"acteurRef": "PA794762", "mandatRef": "PM843233", "parDelegation": "false", "numPlace": "059"}, {"acteurRef": "PA793892", "mandatRef": "PM842738", "parDelegation": "false", "numPlace": "063"}, {"acteurRef": "PA842255", "mandatRef": "PM843770", "parDelegation": "false", "numPlace": "066"}, {"acteurRef": "PA840075", "mandatRef": "PM840255", "parDelegation": "false", "numPlace": "067"}, {"acteurRef": "PA793238", "mandatRef": "PM842426", "parDelegation": "false", "numPlace": "073"}, {"acteurRef": "PA795966", "mandatRef": "PM843530", "parDelegation": "false", "numPlace": "076"}, {"acteurRef": "PA794770", "mandatRef": "PM843236", "parDelegation": "false", "numPlace": "078"}, {"acteurRef": "PA793632", "mandatRef": "PM842627", "parDelegation": "false", "numPlace": "082"}, {"acteurRef": "PA794570", "mandatRef": "PM843137", "parDelegation": "false", "numPlace": "083"}, {"acteurRef": "PA794434", "mandatRef": "PM842990", "parDelegation": "false", "numPlace": "084"}, {"acteurRef": "PA840781", "mandatRef": "PM842459", "parDelegation": "false", "numPlace": "085"}, {"acteurRef": "PA794598", "mandatRef": "PM843026", "parDelegation": "false", "numPlace": "086"}, {"acteurRef": "PA841955", "mandatRef": "PM843506", "parDelegation": "false", "numPlace": "089"}, {"acteurRef": "PA794582", "mandatRef": "PM840300", "parDelegation": "false", "numPlace": "101"}, {"acteurRef": "PA795912", "mandatRef": "PM840402", "parDelegation": "true", "numPlace": "108"}, {"acteurRef": "PA842001", "mandatRef": "PM843554", "parDelegation": "false", "numPlace": "110"}, {"acteurRef": "PA793146", "mandatRef": "PM840252", "parDelegation": "false", "numPlace": "120"}, {"acteurRef": "PA841873", "mandatRef": "PM843434", "parDelegation": "false", "numPlace": "122"}, {"acteurRef": "PA841131", "mandatRef": "PM842735", "parDelegation": "false", "numPlace": "124"}, {"acteurRef": "PA841487", "mandatRef": "PM843062", "parDelegation": "false", "numPlace": "126"}, {"acteurRef": "PA793218", "mandatRef": "PM840267", "parDelegation": "false", "numPlace": "127"}, {"acteurRef": "PA841563", "mandatRef": "PM843134", "parDelegation": "false", "numPlace": "133"}, {"acteurRef": "PA794894", "mandatRef": "PM840351", "parDelegation": "false", "numPlace": "138"}, {"acteurRef": "PA794442", "mandatRef": "PM840306", "parDelegation": "false", "numPlace": "141"}, {"acteurRef": "PA841621", "mandatRef": "PM843173", "parDelegation": "false", "numPlace": "143"}, {"acteurRef": "PA841613", "mandatRef": "PM843170", "parDelegation": "false", "numPlace": "144"}, {"acteurRef": "PA793852", "mandatRef": "PM842684", "parDelegation": "false", "numPlace": "145"}, {"acteurRef": "PA793290", "mandatRef": "PM842450", "parDelegation": "false", "numPlace": "146"}, {"acteurRef": "PA796034", "mandatRef": "PM840393", "parDelegation": "false", "numPlace": "148"}, {"acteurRef": "PA793382", "mandatRef": "PM842480", "parDelegation": "false", "numPlace": "151"}]}, "contres": null, "abstentions": null}}}, {"organeRef": "PO845407", "nombreMembresGroupe": "94", "vote": {"positionMajoritaire": "contre", "decompteVoix": {"nonVotants": "1", "pour": "11", "contre": "12", "abstentions": "0", "nonVotantsVolontaires": "0"}, "decompteNominatif": {"nonVotants": {"votant": {"acteurRef": "PA721908", "mandatRef": "PM843467", "parDelegation": "false", "numPlace": "402", "causePositionVote": "PAN"}}, "pours": {"votant": [{"acteurRef": "PA717379", "mandatRef": "PM843374", "parDelegation": "false", "numPlace": "256"}, {"acteurRef": "PA719798", "mandatRef": "PM842753", "parDelegation": "false", "numPlace": "262"}, {"acteurRef": "PA795386", "mandatRef": "PM843695", "parDelegation": "false", "numPlace": "284"}, {"acteurRef": "PA722366", "mandatRef": "PM843299", "parDelegation": "false", "numPlace": "294"}, {"acteurRef": "PA794802", "mandatRef": "PM843191", "parDelegation": "false", "numPlace": "364"}, {"acteurRef": "PA795664", "mandatRef": "PM843569", "parDelegation": "false", "numPlace": "368"}, {"acteurRef": "PA720022", "mandatRef": "PM842957", "parDelegation": "false", "numPlace": "370"}, {"acteurRef": "PA795722", "mandatRef": "PM843488", "parDelegation": "false", "numPlace": "375"}, {"acteurRef": "PA795730", "mandatRef": "PM843491", "parDelegation": "false", "numPlace": "377"}, {"acteurRef": "PA721004", "mandatRef": "PM843824", "parDelegation": "false", "numPlace": "381"}, {"acteurRef": "PA721170", "mandatRef": "PM843809", "parDelegation": "false", "numPlace": "389"}]}, "contres": {"votant": [{"acteurRef": "PA795920", "mandatRef": "PM843653", "parDelegation": "false", "numPlace": "274"}, {"acteurRef": "PA795864", "mandatRef": "PM840429", "parDelegation": "false", "numPlace": "277"}, {"acteurRef": "PA720342", "mandatRef": "PM842999", "parDelegation": "false", "numPlace": "278"}, {"acteurRef": "PA721158", "mandatRef": "PM843806", "parDelegation": "false", "numPlace": "281"}, {"acteurRef": "PA719472", "mandatRef": "PM842720", "parDelegation": "false", "numPlace": "282"}, {"acteurRef": "PA719080", "mandatRef": "PM842603", "parDelegation": "false", "numPlace": "287"}, {"acteurRef": "PA722102", "mandatRef": "PM843380", "parDelegation": "false", "numPlace": "298"}, {"acteurRef": "PA607395", "mandatRef": "PM843077", "parDelegation": "false", "numPlace": "300"}, {"acteurRef": "PA793270", "mandatRef": "PM842441", "parDelegation": "false", "numPlace": "303"}, {"acteurRef": "PA721916", "mandatRef": "PM843470", "parDelegation": "false", "numPlace": "315"}, {"acteurRef": "PA795962", "mandatRef": "PM849121", "parDelegation": "false", "numPlace": "323"}, {"acteurRef": "PA841801", "mandatRef": "PM849141", "parDelegation": "false", "numPlace": "325"}]}, "abstentions": null}}}, {"organeRef": "PO845413", "nombreMembresGroupe": "71", "vote": {"positionMajoritaire": "contre", "decompteVoix": {"nonVotants": "0", "pour": "0", "contre": "51", "abstentions": "0", "nonVotantsVolontaires": "0"}, "decompteNominatif": {"nonVotants": null, "pours": null, "contres": {"votant": [{"acteurRef": "PA817211", "mandatRef": "PM842600", "parDelegation": "false", "numPlace": "520"}, {"acteurRef": "PA794138", "mandatRef": "PM842909", "parDelegation": "false", "numPlace": "526"}, {"acteurRef": "PA795200", "mandatRef": "PM843386", "parDelegation": "false", "numPlace": "536"}, {"acteurRef": "PA795108", "mandatRef": "PM843338", "parDelegation": "false", "numPlace": "538"}, {"acteurRef": "PA793444", "mandatRef": "PM840270", "parDelegation": "false", "numPlace": "539"}, {"acteurRef": "PA794906", "mandatRef": "PM843284", "parDelegation": "false", "numPlace": "544"}, {"acteurRef": "PA795844", "mandatRef": "PM843515", "parDelegation": "false", "numPlace": "546"}, {"acteurRef": "PA794786", "mandatRef": "PM843242", "parDelegation": "false", "numPlace": "547"}, {"acteurRef": "PA793872", "mandatRef": "PM840285", "parDelegation": "false", "numPlace": "548"}, {"acteurRef": "PA721202", "mandatRef": "PM840435", "parDelegation": "false", "numPlace": "549"}, {"acteurRef": "PA793756", "mandatRef": "PM840282", "parDelegation": "false", "numPlace": "555"}, {"acteurRef": "PA795982", "mandatRef": "PM840432", "parDelegation": "false", "numPlace": "558"}, {"acteurRef": "PA841947", "mandatRef": "PM843503", "parDelegation": "false", "numPlace": "559"}, {"acteurRef": "PA793744", "mandatRef": "PM842696", "parDelegation": "false", "numPlace": "561"}, {"acteurRef": "PA841023", "mandatRef": "PM842645", "parDelegation": "false", "numPlace": "570"}, {"acteurRef": "PA793262", "mandatRef": "PM842438", "parDelegation": "false", "numPlace": "571"}, {"acteurRef": "PA795466", "mandatRef": "PM843443", "parDelegation": "false", "numPlace": "572"}, {"acteurRef": "PA795596", "mandatRef": "PM840456", "parDelegation": "false", "numPlace": "573"}, {"acteurRef": "PA841515", "mandatRef": "PM843089", "parDelegation": "false", "numPlace": "594"}, {"acteurRef": "PA795516", "mandatRef": "PM843452", "parDelegation": "false", "numPlace": "596"}, {"acteurRef": "PA795136", "mandatRef": "PM843353", "parDelegation": "false", "numPlace": "599"}, {"acteurRef": "PA720430", "mandatRef": "PM843092", "parDelegation": "false", "numPlace": "601"}, {"acteurRef": "PA791824", "mandatRef": "PM840375", "parDelegation": "false", "numPlace": "602"}, {"acteurRef": "PA795616", "mandatRef": "PM840462", "parDelegation": "false", "numPlace": "604"}, {"acteurRef": "PA793464", "mandatRef": "PM840273", "parDelegation": "false", "numPlace": "606"}, {"acteurRef": "PA842029", "mandatRef": "PM843575", "parDelegation": "false", "numPlace": "607"}, {"acteurRef": "PA794106", "mandatRef": "PM842885", "parDelegation": "false", "numPlace": "609"}, {"acteurRef": "PA794082", "mandatRef": "PM842810", "parDelegation": "false", "numPlace": "611"}, {"acteurRef": "PA795672", "mandatRef": "PM843752", "parDelegation": "false", "numPlace": "612"}, {"acteurRef": "PA720846", "mandatRef": "PM840441", "parDelegation": "false", "numPlace": "614"}, {"acteurRef": "PA721062", "mandatRef": "PM843740", "parDelegation": "false", "numPlace": "615"}, {"acteurRef": "PA794938", "mandatRef": "PM843308", "parDelegation": "false", "numPlace": "619"}, {"acteurRef": "PA842037", "mandatRef": "PM843578", "parDelegation": "false", "numPlace": "620"}, {"acteurRef": "PA793912", "mandatRef": "PM842795", "parDelegation": "false", "numPlace": "621"}, {"acteurRef": "PA720892", "mandatRef": "PM840420", "parDelegation": "false", "numPlace": "623"}, {"acteurRef": "PA794870", "mandatRef": "PM843185", "parDelegation": "false", "numPlace": "624"}, {"acteurRef": "PA719578", "mandatRef": "PM842618", "parDelegation": "false", "numPlace": "626"}, {"acteurRef": "PA795228", "mandatRef": "PM840447", "parDelegation": "false", "numPlace": "627"}, {"acteurRef": "PA794686", "mandatRef": "PM843080", "parDelegation": "false", "numPlace": "628"}, {"acteurRef": "PA841251", "mandatRef": "PM842837", "parDelegation": "false", "numPlace": "629"}, {"acteurRef": "PA795318", "mandatRef": "PM843689", "parDelegation": "false", "numPlace": "630"}, {"acteurRef": "PA796062", "mandatRef": "PM843668", "parDelegation": "false", "numPlace": "633"}, {"acteurRef": "PA795310", "mandatRef": "PM840453", "parDelegation": "false", "numPlace": "634"}, {"acteurRef": "PA793736", "mandatRef": "PM842693", "parDelegation": "false", "numPlace": "636"}, {"acteurRef": "PA342384", "mandatRef": "PM842771", "parDelegation": "false", "numPlace": "637"}, {"acteurRef": "PA796070", "mandatRef": "PM843746", "parDelegation": "true", "numPlace": "638"}, {"acteurRef": "PA841191", "mandatRef": "PM842789", "parDelegation": "false", "numPlace": "639"}, {"acteurRef": "PA795482", "mandatRef": "PM843605", "parDelegation": "false", "numPlace": "642"}, {"acteurRef": "PA841845", "mandatRef": "PM843407", "parDelegation": "false", "numPlace": "648"}, {"acteurRef": "PA795298", "mandatRef": "PM843683", "parDelegation": "false", "numPlace": "649"}, {"acteurRef": "PA793532", "mandatRef": "PM842591", "parDelegation": "false", "numPlace": "650"}]}, "abstentions": null}}}, {"organeRef": "PO845419", "nombreMembresGroupe": "66", "vote": {"positionMajoritaire": "contre", "decompteVoix": {"nonVotants": "0", "pour": "0", "contre": "18", "abstentions": "0", "nonVotantsVolontaires": "0"}, "decompteNominatif": {"nonVotants": null, "pours": null, "contres": {"votant": [{"acteurRef": "PA774958", "mandatRef": "PM843389", "parDelegation": "true", "numPlace": "415"}, {"acteurRef": "PA841919", "mandatRef": "PM843479", "parDelegation": "false", "numPlace": "420"}, {"acteurRef": "PA793624", "mandatRef": "PM842564", "parDelegation": "false", "numPlace": "422"}, {"acteurRef": "PA608172", "mandatRef": "PM843083", "parDelegation": "false", "numPlace": "426"}, {"acteurRef": "PA642764", "mandatRef": "PM842711", "parDelegation": "false", "numPlace": "428"}, {"acteurRef": "PA342196", "mandatRef": "PM842807", "parDelegation": "false", "numPlace": "431"}, {"acteurRef": "PA794094", "mandatRef": "PM840291", "parDelegation": "false", "numPlace": "436"}, {"acteurRef": "PA795762", "mandatRef": "PM843767", "parDelegation": "false", "numPlace": "437"}, {"acteurRef": "PA331973", "mandatRef": "PM842624", "parDelegation": "false", "numPlace": "441"}, {"acteurRef": "PA606793", "mandatRef": "PM842759", "parDelegation": "false", "numPlace": "451"}, {"acteurRef": "PA794270", "mandatRef": "PM842972", "parDelegation": "false", "numPlace": "452"}, {"acteurRef": "PA841381", "mandatRef": "PM842966", "parDelegation": "false", "numPlace": "463"}, {"acteurRef": "PA840665", "mandatRef": "PM842336", "parDelegation": "false", "numPlace": "471"}, {"acteurRef": "PA841091", "mandatRef": "PM842705", "parDelegation": "false", "numPlace": "473"}, {"acteurRef": "PA841107", "mandatRef": "PM842717", "parDelegation": "false", "numPlace": "474"}, {"acteurRef": "PA841315", "mandatRef": "PM842906", "parDelegation": "false", "numPlace": "565"}, {"acteurRef": "PA841463", "mandatRef": "PM843047", "parDelegation": "false", "numPlace": "568"}, {"acteurRef": "PA841471", "mandatRef": "PM843050", "parDelegation": "false", "numPlace": "569"}]}, "abstentions": null}}}, {"organeRef": "PO845425", "nombreMembresGroupe": "47", "vote": {"positionMajoritaire": "contre", "decompteVoix": {"nonVotants": "1", "pour": "0", "contre": "13", "abstentions": "0", "nonVotantsVolontaires": "0"}, "decompteNominatif": {"nonVotants": {"votant": {"acteurRef": "PA643089", "mandatRef": "PM843431", "parDelegation": "false", "numPlace": "206", "causePositionVote": "MG"}}, "pours": null, "contres": {"votant": [{"acteurRef": "PA642847", "mandatRef": "PM843056", "parDelegation": "false", "numPlace": "165"}, {"acteurRef": "PA332523", "mandatRef": "PM842858", "parDelegation": "false", "numPlace": "168"}, {"acteurRef": "PA608016", "mandatRef": "PM843155", "parDelegation": "false", "numPlace": "173"}, {"acteurRef": "PA794058", "mandatRef": "PM842861", "parDelegation": "false", "numPlace": "177"}, {"acteurRef": "PA267794", "mandatRef": "PM842348", "parDelegation": "false", "numPlace": "179"}, {"acteurRef": "PA774954", "mandatRef": "PM842843", "parDelegation": "false", "numPlace": "183"}, {"acteurRef": "PA793094", "mandatRef": "PM842327", "parDelegation": "false", "numPlace": "189"}, {"acteurRef": "PA794178", "mandatRef": "PM842897", "parDelegation": "false", "numPlace": "190"}, {"acteurRef": "PA342240", "mandatRef": "PM842819", "parDelegation": "false", "numPlace": "192"}, {"acteurRef": "PA793508", "mandatRef": "PM842576", "parDelegation": "false", "numPlace": "195"}, {"acteurRef": "PA721442", "mandatRef": "PM843362", "parDelegation": "false", "numPlace": "197"}, {"acteurRef": "PA719968", "mandatRef": "PM842891", "parDelegation": "false", "numPlace": "210"}, {"acteurRef": "PA840979", "mandatRef": "PM842588", "parDelegation": "false", "numPlace": "211"}]}, "abstentions": null}}}, {"organeRef": "PO845439", "nombreMembresGroupe": "38", "vote": {"positionMajoritaire": "contre", "decompteVoix": {"nonVotants": "0", "pour": "0", "contre": "7", "abstentions": "0", "nonVotantsVolontaires": "0"}, "decompteNominatif": {"nonVotants": null, "pours": null, "contres": {"votant": [{"acteurRef": "PA2940", "mandatRef": "PM842531", "parDelegation": "false", "numPlace": "495"}, {"acteurRef": "PA721210", "mandatRef": "PM843677", "parDelegation": "false", "numPlace": "497"}, {"acteurRef": "PA610002", "mandatRef": "PM840363", "parDelegation": "false", "numPlace": "512"}, {"acteurRef": "PA795636", "mandatRef": "PM843476", "parDelegation": "false", "numPlace": "514"}, {"acteurRef": "PA793780", "mandatRef": "PM842714", "parDelegation": "false", "numPlace": "517"}, {"acteurRef": "PA793452", "mandatRef": "PM842453", "parDelegation": "false", "numPlace": "524"}, {"acteurRef": "PA795454", "mandatRef": "PM843821", "parDelegation": "false", "numPlace": "542"}]}, "abstentions": null}}}, {"organeRef": "PO845454", "nombreMembresGroupe": "36", "vote": {"positionMajoritaire": "contre", "decompteVoix": {"nonVotants": "0", "pour": "0", "contre": "9", "abstentions": "1", "nonVotantsVolontaires": "1"}, "decompteNominatif": {"nonVotants": null, "pours": null, "contres": {"votant": [{"acteurRef": "PA719640", "mandatRef": "PM842831", "parDelegation": "false", "numPlace": "331"}, {"acteurRef": "PA794114", "mandatRef": "PM842888", "parDelegation": "false", "numPlace": "332"}, {"acteurRef": "PA719822", "mandatRef": "PM842762", "parDelegation": "false", "numPlace": "334"}, {"acteurRef": "PA794810", "mandatRef": "PM843194", "parDelegation": "false", "numPlace": "335"}, {"acteurRef": "PA605694", "mandatRef": "PM842609", "parDelegation": "false", "numPlace": "336"}, {"acteurRef": "PA331582", "mandatRef": "PM842639", "parDelegation": "false", "numPlace": "337"}, {"acteurRef": "PA720728", "mandatRef": "PM843257", "parDelegation": "false", "numPlace": "339"}, {"acteurRef": "PA720092", "mandatRef": "PM842948", "parDelegation": "false", "numPlace": "350"}, {"acteurRef": "PA721234", "mandatRef": "PM843692", "parDelegation": "false", "numPlace": "352"}]}, "abstentions": {"votant": {"acteurRef": "PA793122", "mandatRef": "PM842369", "parDelegation": "false", "numPlace": "357"}}}}}, {"organeRef": "PO845470", "nombreMembresGroupe": "34", "vote": {"positionMajoritaire": "contre", "decompteVoix": {"nonVotants": "2", "pour": "0", "contre": "5", "abstentions": "0", "nonVotantsVolontaires": "0"}, "decompteNominatif": {"nonVotants": {"votant": [{"acteurRef": "PA720908", "mandatRef": "PM843701", "parDelegation": "false", "numPlace": "221", "causePositionVote": "PSE"}, {"acteurRef": "PA720480", "mandatRef": "PM843101", "parDelegation": "false", "numPlace": "245", "causePositionVote": "MG"}]}, "pours": null, "contres": {"votant": [{"acteurRef": "PA794278", "mandatRef": "PM842975", "parDelegation": "false", "numPlace": "216"}, {"acteurRef": "PA793572", "mandatRef": "PM842498", "parDelegation": "false", "numPlace": "224"}, {"acteurRef": "PA794470", "mandatRef": "PM843104", "parDelegation": "false", "numPlace": "225"}, {"acteurRef": "PA794234", "mandatRef": "PM842969", "parDelegation": "false", "numPlace": "231"}, {"acteurRef": "PA719778", "mandatRef": "PM842744", "parDelegation": "false", "numPlace": "233"}]}, "abstentions": null}}}, {"organeRef": "PO845485", "nombreMembresGroupe": "23", "vote": {"positionMajoritaire": "pour", "decompteVoix": {"nonVotants": "0", "pour": "2", "contre": "1", "abstentions": "0", "nonVotantsVolontaires": "0"}, "decompteNominatif": {"nonVotants": null, "pours": {"votant": [{"acteurRef": "PA942", "mandatRef": "PM842987", "parDelegation": "false", "numPlace": "383"}, {"acteurRef": "PA841931", "mandatRef": "PM843485", "parDelegation": "false", "numPlace": "394"}]}, "contres": {"votant": {"acteurRef": "PA267763", "mandatRef": "PM843125", "parDelegation": "false", "numPlace": "479"}}, "abstentions": null}}}, {"organeRef": "PO845514", "nombreMembresGroupe": "17", "vote": {"positionMajoritaire": "contre", "decompteVoix": {"nonVotants": "0", "pour": "0", "contre": "7", "abstentions": "0", "nonVotantsVolontaires": "0"}, "decompteNominatif": {"nonVotants": null, "pours": null, "contres": {"votant": [{"acteurRef": "PA842271", "mandatRef": "PM843776", "parDelegation": "false", "numPlace": "584"}, {"acteurRef": "PA796106", "mandatRef": "PM843383", "parDelegation": "false", "numPlace": "585"}, {"acteurRef": "PA335612", "mandatRef": "PM843398", "parDelegation": "false", "numPlace": "586"}, {"acteurRef": "PA267306", "mandatRef": "PM843251", "parDelegation": "false", "numPlace": "587"}, {"acteurRef": "PA793174", "mandatRef": "PM842384", "parDelegation": "false", "numPlace": "588"}, {"acteurRef": "PA795868", "mandatRef": "PM843722", "parDelegation": "false", "numPlace": "591"}, {"acteurRef": "PA605745", "mandatRef": "PM842504", "parDelegation": "false", "numPlace": "592"}]}, "abstentions": null}}}, {"organeRef": "PO847173", "nombreMembresGroupe": "16", "vote": {"positionMajoritaire": "pour", "decompteVoix": {"nonVotants": "0", "pour": "2", "contre": "0", "abstentions": "0", "nonVotantsVolontaires": "0"}, "decompteNominatif": {"nonVotants": null, "pours": {"votant": [{"acteurRef": "PA840809", "mandatRef": "PM842474", "parDelegation": "false", "numPlace": "088"}, {"acteurRef": "PA841207", "mandatRef": "PM842798", "parDelegation": "false", "numPlace": "106"}]}, "contres": null, "abstentions": null}}}, {"organeRef": "PO840056", "nombreMembresGroupe": "8", "vote": {"positionMajoritaire": "contre", "decompteVoix": {"nonVotants": "0", "pour": "0", "contre": "1", "abstentions": "0", "nonVotantsVolontaires": "0"}, "decompteNominatif": {"nonVotants": null, "pours": null, "contres": {"votant": {"acteurRef": "PA721314", "mandatRef": "PM843215", "parDelegation": "false", "numPlace": "405"}}, "abstentions": null}}}]}}}, "miseAuPoint": {"nonVotants": [null, null], "pours": null, "abstentions": [null, null], "nonVotantsVolontaires": [null, null], "contres": null, "dysfonctionnement": {"nonVotants": null, "pour": null, "contre": null, "abstentions": null, "nonVotantsVolontaires": null}}, "lieuVote": "H\u00e9micycle"}}