{"scrutin": {"@xmlns": "http://schemas.assemblee-nationale.fr/referentiel", "@xmlns:xsi": "http://www.w3.org/2001/XMLSchema-instance", "uid": "VTANR5L17V380", "numero": "380", "organeRef": "PO838901", "legislature": "17", "sessionRef": "SCR5A2025O1", "seanceRef": "RUANR5L17S2025IDS28633", "dateScrutin": "2024-11-08", "quantiemeJourSeance": "2", "typeVote": {"codeTypeVote": "SPO", "libelleTypeVote": "scrutin public ordinaire", "typeMajorite": "Majorit\u00e9 absolue des suffrages exprim\u00e9s"}, "sort": {"code": "adopt\u00e9", "libelle": "l'Assembl\u00e9e nationale a adopt\u00e9"}, "titre": "l'amendement n\u00b0 1450 de M. jean-Philippe Tanguy apr\u00e8s l'article 28 du projet de loi de finances pour 2025 (premi\u00e8re lecture).", "demandeur": {"texte": "Pr\u00e9sidente du groupe \"Rassemblement National\"", "referenceLegislative": null}, "objet": {"libelle": "l'amendement n\u00b0 1450 de M. jean-Philippe Tanguy apr\u00e8s l'article 28 du projet de loi de finances pour 2025 (premi\u00e8re lecture).", "dossierLegislatif": null, "referenceLegislative": null}, "modePublicationDesVotes": "DecompteNominatif", "syntheseVote": {"nombreVotants": "109", "suffragesExprimes": "96", "nbrSuffragesRequis": "49", "annonce": "l'Assembl\u00e9e nationale a adopt\u00e9", "decompte": {"nonVotants": "2", "pour": "71", "contre": "25", "abstentions": "13", "nonVotantsVolontaires": "0"}}, "ventilationVotes": {"organe": {"organeRef": "PO838901", "groupes": {"groupe": [{"organeRef": "PO845401", "nombreMembresGroupe": "125", "vote": {"positionMajoritaire": "pour", "decompteVoix": {"nonVotants": "0", "pour": "62", "contre": "0", "abstentions": "1", "nonVotantsVolontaires": "1"}, "decompteNominatif": {"nonVotants": null, "pours": {"votant": [{"acteurRef": "PA841495", "mandatRef": "PM843065", "parDelegation": "false", "numPlace": "010"}, {"acteurRef": "PA794562", "mandatRef": "PM840339", "parDelegation": "false", "numPlace": "094"}, {"acteurRef": "PA720822", "mandatRef": "PM840318", "parDelegation": "false", "numPlace": "045"}, {"acteurRef": "PA720668", "mandatRef": "PM840342", "parDelegation": "false", "numPlace": "060"}, {"acteurRef": "PA796042", "mandatRef": "PM843428", "parDelegation": "true", "numPlace": "017"}, {"acteurRef": "PA841131", "mandatRef": "PM842735", "parDelegation": "false", "numPlace": "124"}, {"acteurRef": "PA793182", "mandatRef": "PM842387", "parDelegation": "false", "numPlace": "056"}, {"acteurRef": "PA840075", "mandatRef": "PM840255", "parDelegation": "false", "numPlace": "067"}, {"acteurRef": "PA841613", "mandatRef": "PM843170", "parDelegation": "false", "numPlace": "144"}, {"acteurRef": "PA793166", "mandatRef": "PM840261", "parDelegation": "false", "numPlace": "070"}, {"acteurRef": "PA793146", "mandatRef": "PM840252", "parDelegation": "true", "numPlace": "120"}, {"acteurRef": "PA842073", "mandatRef": "PM843611", "parDelegation": "false", "numPlace": "027"}, {"acteurRef": "PA841761", "mandatRef": "PM843320", "parDelegation": "false", "numPlace": "128"}, {"acteurRef": "PA841621", "mandatRef": "PM843173", "parDelegation": "false", "numPlace": "143"}, {"acteurRef": "PA793246", "mandatRef": "PM842429", "parDelegation": "false", "numPlace": "062"}, {"acteurRef": "PA840143", "mandatRef": "PM840336", "parDelegation": "false", "numPlace": "130"}, {"acteurRef": "PA794678", "mandatRef": "PM840312", "parDelegation": "false", "numPlace": "048"}, {"acteurRef": "PA841139", "mandatRef": "PM842741", "parDelegation": "false", "numPlace": "049"}, {"acteurRef": "PA841737", "mandatRef": "PM843290", "parDelegation": "false", "numPlace": "016"}, {"acteurRef": "PA793832", "mandatRef": "PM842678", "parDelegation": "true", "numPlace": "129"}, {"acteurRef": "PA793102", "mandatRef": "PM842330", "parDelegation": "false", "numPlace": "153"}, {"acteurRef": "PA841605", "mandatRef": "PM843167", "parDelegation": "false", "numPlace": "079"}, {"acteurRef": "PA793362", "mandatRef": "PM842465", "parDelegation": "false", "numPlace": "001"}, {"acteurRef": "PA794570", "mandatRef": "PM843137", "parDelegation": "false", "numPlace": "083"}, {"acteurRef": "PA794954", "mandatRef": "PM840357", "parDelegation": "false", "numPlace": "003"}, {"acteurRef": "PA841777", "mandatRef": "PM843326", "parDelegation": "false", "numPlace": "002"}, {"acteurRef": "PA796050", "mandatRef": "PM840411", "parDelegation": "true", "numPlace": "015"}, {"acteurRef": "PA842255", "mandatRef": "PM843770", "parDelegation": "false", "numPlace": "066"}, {"acteurRef": "PA795778", "mandatRef": "PM843509", "parDelegation": "false", "numPlace": "035"}, {"acteurRef": "PA794502", "mandatRef": "PM840324", "parDelegation": "false", "numPlace": "050"}, {"acteurRef": "PA841553", "mandatRef": "PM843128", "parDelegation": "false", "numPlace": "021"}, {"acteurRef": "PA840781", "mandatRef": "PM842459", "parDelegation": "false", "numPlace": "085"}, {"acteurRef": "PA841479", "mandatRef": "PM843053", "parDelegation": "false", "numPlace": "118"}, {"acteurRef": "PA841451", "mandatRef": "PM843035", "parDelegation": "false", "numPlace": "005"}, {"acteurRef": "PA794734", "mandatRef": "PM843146", "parDelegation": "false", "numPlace": "008"}, {"acteurRef": "PA793218", "mandatRef": "PM840267", "parDelegation": "false", "numPlace": "127"}, {"acteurRef": "PA795900", "mandatRef": "PM843524", "parDelegation": "false", "numPlace": "006"}, {"acteurRef": "PA793632", "mandatRef": "PM842627", "parDelegation": "false", "numPlace": "082"}, {"acteurRef": "PA841439", "mandatRef": "PM843023", "parDelegation": "false", "numPlace": "149"}, {"acteurRef": "PA794030", "mandatRef": "PM842780", "parDelegation": "false", "numPlace": "039"}, {"acteurRef": "PA841075", "mandatRef": "PM842690", "parDelegation": "false", "numPlace": "018"}, {"acteurRef": "PA840869", "mandatRef": "PM842522", "parDelegation": "false", "numPlace": "047"}, {"acteurRef": "PA841837", "mandatRef": "PM843404", "parDelegation": "false", "numPlace": "116"}, {"acteurRef": "PA840857", "mandatRef": "PM842516", "parDelegation": "false", "numPlace": "119"}, {"acteurRef": "PA841873", "mandatRef": "PM843434", "parDelegation": "false", "numPlace": "122"}, {"acteurRef": "PA793672", "mandatRef": "PM842555", "parDelegation": "false", "numPlace": "031"}, {"acteurRef": "PA793904", "mandatRef": "PM840288", "parDelegation": "false", "numPlace": "125"}, {"acteurRef": "PA721932", "mandatRef": "PM843632", "parDelegation": "true", "numPlace": "147"}, {"acteurRef": "PA794590", "mandatRef": "PM840303", "parDelegation": "false", "numPlace": "123"}, {"acteurRef": "PA841587", "mandatRef": "PM843149", "parDelegation": "false", "numPlace": "013"}, {"acteurRef": "PA841563", "mandatRef": "PM843134", "parDelegation": "false", "numPlace": "133"}, {"acteurRef": "PA794530", "mandatRef": "PM840327", "parDelegation": "false", "numPlace": "051"}, {"acteurRef": "PA841825", "mandatRef": "PM843392", "parDelegation": "false", "numPlace": "155"}, {"acteurRef": "PA793314", "mandatRef": "PM840243", "parDelegation": "false", "numPlace": "044"}, {"acteurRef": "PA719436", "mandatRef": "PM840279", "parDelegation": "true", "numPlace": "020"}, {"acteurRef": "PA793354", "mandatRef": "PM842462", "parDelegation": "false", "numPlace": "012"}, {"acteurRef": "PA795786", "mandatRef": "PM840399", "parDelegation": "true", "numPlace": "071"}, {"acteurRef": "PA793852", "mandatRef": "PM842684", "parDelegation": "false", "numPlace": "145"}, {"acteurRef": "PA795966", "mandatRef": "PM843530", "parDelegation": "false", "numPlace": "076"}, {"acteurRef": "PA793230", "mandatRef": "PM842423", "parDelegation": "false", "numPlace": "019"}, {"acteurRef": "PA842227", "mandatRef": "PM843734", "parDelegation": "false", "numPlace": "032"}, {"acteurRef": "PA795410", "mandatRef": "PM843440", "parDelegation": "false", "numPlace": "152"}]}, "contres": null, "abstentions": {"votant": {"acteurRef": "PA794322", "mandatRef": "PM842942", "parDelegation": "false", "numPlace": "040"}}}}}, {"organeRef": "PO845407", "nombreMembresGroupe": "94", "vote": {"positionMajoritaire": "contre", "decompteVoix": {"nonVotants": "1", "pour": "2", "contre": "9", "abstentions": "0", "nonVotantsVolontaires": "0"}, "decompteNominatif": {"nonVotants": {"votant": {"acteurRef": "PA721908", "mandatRef": "PM843467", "parDelegation": "false", "numPlace": "402", "causePositionVote": "PAN"}}, "pours": {"votant": [{"acteurRef": "PA794330", "mandatRef": "PM842945", "parDelegation": "true", "numPlace": "397"}, {"acteurRef": "PA842147", "mandatRef": "PM849135", "parDelegation": "false", "numPlace": "400"}]}, "contres": {"votant": [{"acteurRef": "PA722190", "mandatRef": "PM843659", "parDelegation": "false", "numPlace": "267"}, {"acteurRef": "PA794798", "mandatRef": "PM843188", "parDelegation": "false", "numPlace": "365"}, {"acteurRef": "PA719472", "mandatRef": "PM842720", "parDelegation": "false", "numPlace": "282"}, {"acteurRef": "PA795864", "mandatRef": "PM840429", "parDelegation": "false", "numPlace": "277"}, {"acteurRef": "PA722366", "mandatRef": "PM843299", "parDelegation": "false", "numPlace": "294"}, {"acteurRef": "PA795962", "mandatRef": "PM849121", "parDelegation": "false", "numPlace": "323"}, {"acteurRef": "PA841709", "mandatRef": "PM849151", "parDelegation": "false", "numPlace": "322"}, {"acteurRef": "PA267200", "mandatRef": "PM843098", "parDelegation": "false", "numPlace": "380"}, {"acteurRef": "PA794206", "mandatRef": "PM842879", "parDelegation": "false", "numPlace": "307"}]}, "abstentions": null}}}, {"organeRef": "PO845413", "nombreMembresGroupe": "71", "vote": {"positionMajoritaire": "pour", "decompteVoix": {"nonVotants": "0", "pour": "0", "contre": "0", "abstentions": "0", "nonVotantsVolontaires": "0"}, "decompteNominatif": {"nonVotants": null, "pours": null, "contres": null, "abstentions": null}}}, {"organeRef": "PO845419", "nombreMembresGroupe": "66", "vote": {"positionMajoritaire": "contre", "decompteVoix": {"nonVotants": "0", "pour": "0", "contre": "8", "abstentions": "7", "nonVotantsVolontaires": "7"}, "decompteNominatif": {"nonVotants": null, "pours": null, "contres": {"votant": [{"acteurRef": "PA794094", "mandatRef": "PM840291", "parDelegation": "false", "numPlace": "436"}, {"acteurRef": "PA793624", "mandatRef": "PM842564", "parDelegation": "false", "numPlace": "422"}, {"acteurRef": "PA1567", "mandatRef": "PM843572", "parDelegation": "false", "numPlace": "417"}, {"acteurRef": "PA643192", "mandatRef": "PM843152", "parDelegation": "false", "numPlace": "409"}, {"acteurRef": "PA335054", "mandatRef": "PM843332", "parDelegation": "false", "numPlace": "411"}, {"acteurRef": "PA795156", "mandatRef": "PM843680", "parDelegation": "false", "numPlace": "416"}, {"acteurRef": "PA841463", "mandatRef": "PM843047", "parDelegation": "false", "numPlace": "568"}, {"acteurRef": "PA607553", "mandatRef": "PM843059", "parDelegation": "false", "numPlace": "413"}]}, "abstentions": {"votant": [{"acteurRef": "PA609332", "mandatRef": "PM840396", "parDelegation": "false", "numPlace": "421"}, {"acteurRef": "PA643143", "mandatRef": "PM843761", "parDelegation": "false", "numPlace": "440"}, {"acteurRef": "PA840955", "mandatRef": "PM842573", "parDelegation": "false", "numPlace": "444"}, {"acteurRef": "PA841681", "mandatRef": "PM843245", "parDelegation": "false", "numPlace": "457"}, {"acteurRef": "PA840665", "mandatRef": "PM842336", "parDelegation": "false", "numPlace": "471"}, {"acteurRef": "PA841107", "mandatRef": "PM842717", "parDelegation": "false", "numPlace": "474"}, {"acteurRef": "PA841243", "mandatRef": "PM842825", "parDelegation": "false", "numPlace": "566"}]}}}}, {"organeRef": "PO845425", "nombreMembresGroupe": "47", "vote": {"positionMajoritaire": "contre", "decompteVoix": {"nonVotants": "0", "pour": "0", "contre": "2", "abstentions": "0", "nonVotantsVolontaires": "0"}, "decompteNominatif": {"nonVotants": null, "pours": null, "contres": {"votant": [{"acteurRef": "PA840979", "mandatRef": "PM842588", "parDelegation": "false", "numPlace": "211"}, {"acteurRef": "PA608016", "mandatRef": "PM843155", "parDelegation": "false", "numPlace": "173"}]}, "abstentions": null}}}, {"organeRef": "PO845439", "nombreMembresGroupe": "38", "vote": {"positionMajoritaire": "pour", "decompteVoix": {"nonVotants": "0", "pour": "0", "contre": "0", "abstentions": "0", "nonVotantsVolontaires": "0"}, "decompteNominatif": {"nonVotants": null, "pours": null, "contres": null, "abstentions": null}}}, {"organeRef": "PO845454", "nombreMembresGroupe": "36", "vote": {"positionMajoritaire": "contre", "decompteVoix": {"nonVotants": "0", "pour": "0", "contre": "5", "abstentions": "2", "nonVotantsVolontaires": "2"}, "decompteNominatif": {"nonVotants": null, "pours": null, "contres": {"votant": [{"acteurRef": "PA719640", "mandatRef": "PM842831", "parDelegation": "false", "numPlace": "331"}, {"acteurRef": "PA720728", "mandatRef": "PM843257", "parDelegation": "false", "numPlace": "339"}, {"acteurRef": "PA719938", "mandatRef": "PM842873", "parDelegation": "false", "numPlace": "342"}, {"acteurRef": "PA719024", "mandatRef": "PM842390", "parDelegation": "false", "numPlace": "344"}, {"acteurRef": "PA793520", "mandatRef": "PM842582", "parDelegation": "false", "numPlace": "372"}]}, "abstentions": {"votant": [{"acteurRef": "PA795100", "mandatRef": "PM843335", "parDelegation": "false", "numPlace": "351"}, {"acteurRef": "PA721234", "mandatRef": "PM843692", "parDelegation": "false", "numPlace": "352"}]}}}}, {"organeRef": "PO845470", "nombreMembresGroupe": "34", "vote": {"positionMajoritaire": "abstention", "decompteVoix": {"nonVotants": "1", "pour": "0", "contre": "0", "abstentions": "3", "nonVotantsVolontaires": "3"}, "decompteNominatif": {"nonVotants": {"votant": {"acteurRef": "PA720908", "mandatRef": "PM843701", "parDelegation": "false", "numPlace": "221", "causePositionVote": "PSE"}}, "pours": null, "contres": null, "abstentions": {"votant": [{"acteurRef": "PA687214", "mandatRef": "PM843686", "parDelegation": "false", "numPlace": "220"}, {"acteurRef": "PA794470", "mandatRef": "PM843104", "parDelegation": "false", "numPlace": "225"}, {"acteurRef": "PA719778", "mandatRef": "PM842744", "parDelegation": "false", "numPlace": "233"}]}}}}, {"organeRef": "PO845485", "nombreMembresGroupe": "23", "vote": {"positionMajoritaire": "pour", "decompteVoix": {"nonVotants": "0", "pour": "1", "contre": "1", "abstentions": "0", "nonVotantsVolontaires": "0"}, "decompteNominatif": {"nonVotants": null, "pours": {"votant": {"acteurRef": "PA942", "mandatRef": "PM842987", "parDelegation": "false", "numPlace": "383"}}, "contres": {"votant": {"acteurRef": "PA840817", "mandatRef": "PM842483", "parDelegation": "false", "numPlace": "393"}}, "abstentions": null}}}, {"organeRef": "PO845514", "nombreMembresGroupe": "17", "vote": {"positionMajoritaire": "pour", "decompteVoix": {"nonVotants": "0", "pour": "3", "contre": "0", "abstentions": "0", "nonVotantsVolontaires": "0"}, "decompteNominatif": {"nonVotants": null, "pours": {"votant": [{"acteurRef": "PA774962", "mandatRef": "PM843731", "parDelegation": "true", "numPlace": "576"}, {"acteurRef": "PA721270", "mandatRef": "PM840438", "parDelegation": "false", "numPlace": "583"}, {"acteurRef": "PA842271", "mandatRef": "PM843776", "parDelegation": "false", "numPlace": "584"}]}, "contres": null, "abstentions": null}}}, {"organeRef": "PO847173", "nombreMembresGroupe": "16", "vote": {"positionMajoritaire": "pour", "decompteVoix": {"nonVotants": "0", "pour": "2", "contre": "0", "abstentions": "0", "nonVotantsVolontaires": "0"}, "decompteNominatif": {"nonVotants": null, "pours": {"votant": [{"acteurRef": "PA841207", "mandatRef": "PM842798", "parDelegation": "false", "numPlace": "106"}, {"acteurRef": "PA841067", "mandatRef": "PM842687", "parDelegation": "false", "numPlace": "113"}]}, "contres": null, "abstentions": null}}}, {"organeRef": "PO840056", "nombreMembresGroupe": "8", "vote": {"positionMajoritaire": "pour", "decompteVoix": {"nonVotants": "0", "pour": "1", "contre": "0", "abstentions": "0", "nonVotantsVolontaires": "0"}, "decompteNominatif": {"nonVotants": null, "pours": {"votant": {"acteurRef": "PA795540", "mandatRef": "PM843620", "parDelegation": "false", "numPlace": "320"}}, "contres": null, "abstentions": null}}}]}}}, "miseAuPoint": {"nonVotants": [null, null], "pours": null, "abstentions": [null, null], "nonVotantsVolontaires": [null, null], "contres": null, "dysfonctionnement": {"nonVotants": null, "pour": null, "contre": null, "abstentions": null, "nonVotantsVolontaires": null}}, "lieuVote": "H\u00e9micycle"}}